nconst,primaryname,birthyear,deathyear,primaryprofession,knownfortitles
nm3363126,Bigfoot,\N,\N,actor,"tt0191831,tt1391802"
nm3363745,D. Salvatori,\N,\N,writer,tt0183265
nm3363884,Gutz,\N,\N,composer,tt0183265
nm3364296,Lee Dean,\N,\N,composer,"tt0191560,tt0355944"
nm3364598,Rika Miura,\N,\N,actress,"tt0361245,tt1841843,tt0185116,tt2194822"
nm3364680,Sonny Max,\N,\N,director,tt0190782
nm3365216,Shan Hsu,\N,\N,actress,"tt0188789,tt1394317"
nm3365369,Donna Schell,\N,\N,actress,tt0191440
nm3366175,Tony DeVito,\N,\N,editor,tt0180533
nm3366614,Erika Moulet,\N,\N,actress,"tt1418572,tt2396953,tt1350516,tt6428182"
nm3366978,Carla Crabbe,\N,\N,actress,tt0191258
nm3367010,B.J. Dyke,\N,\N,actress,tt0191258
nm3367203,Yang Chen,\N,\N,"actor,director","tt2971482,tt3186814,tt3898092,tt1395120"
nm3369001,Sam Sharpe,\N,\N,producer,tt0190782
nm3370140,Trudee Able,\N,\N,actress,tt0189428
nm3370368,Yu-ching Chang,\N,\N,actress,tt0188782
nm3374983,Marty Henderson,\N,\N,"writer,producer,production_manager",tt0181460
nm3376928,Dayane Callegare,\N,\N,actress,"tt0191830,tt7228428,tt2244751,tt6668776"
nm3377630,Paul Nelson,\N,\N,"composer,music_department","tt0264500,tt0189383"
nm3379124,Fanny Dancer,\N,\N,editor,"tt0182074,tt0141482"
nm3379287,Min Chang,\N,\N,"actor,writer,costume_designer","tt1612571,tt2299609,tt0121918,tt0285901"
nm3379904,Sho Nobushi,\N,\N,"director,writer,miscellaneous","tt2178600,tt1981030,tt1401238,tt0185657"
nm3380047,Mick Luff,\N,\N,writer,"tt0182074,tt0141482"
nm3380474,Boris Siber,\N,\N,"actor,producer,writer","tt15053076,tt15263044,tt0191740,tt10813704"
nm3381354,Jennifer Rush,\N,\N,producer,tt0181513
nm3381991,Roy Kopp,\N,\N,composer,tt0191470
nm3382712,Taichi Erskine,\N,\N,"editor,producer,director","tt8324422,tt11897688,tt7529770,tt7632118"
nm3385957,S. Schwartz,\N,\N,editor,tt0180513
nm3386895,D. Franklin,\N,\N,producer,tt0180513
nm3386977,Chigusa Tomoe,\N,\N,actress,"tt0185789,tt0205638,tt0185898,tt11375830"
nm3387847,Vic Lizard,\N,\N,composer,tt0182205
nm3387964,Scott Reynolds,\N,\N,"music_department,composer","tt5294648,tt0188892,tt0385423"
nm3388085,Jack Klamm,\N,\N,editor,tt0181360
nm3388769,Joe King,\N,\N,editor,"tt0189859,tt0183385,tt0182205"
nm3388962,John Craig,\N,\N,composer,tt0180513
nm3389457,Richard J. Meyer,\N,\N,"producer,writer","tt0192665,tt0195256"
nm3391561,Henry James III,\N,\N,editor,"tt0148925,tt0191624"
nm3391911,Gerald,\N,\N,"director,writer",tt0182206
nm3392665,Yoshiko Yamamoto,1936,\N,actress,"tt0179574,tt0289000,tt2922602,tt8932048"
nm3396733,Mark Lemkin,\N,\N,editor,tt0181390
nm3396966,Coco Ward,\N,\N,writer,tt0182142
nm3397255,Emma Mouth,\N,\N,writer,tt0181462
nm3397325,Dick Mykonos,\N,\N,composer,tt0189720
nm3397397,Paul De La Corte,\N,\N,cinematographer,tt0183299
nm3397874,Antonia Quirke,\N,\N,,"tt0192897,tt0844203,tt0358313,tt2934476"
nm3398733,Gisele Perez,\N,\N,miscellaneous,"tt1331064,tt0181057"
nm3403758,Uwe Over,\N,\N,"editor,editorial_department,sound_department","tt0183276,tt20720734,tt0180492,tt0180421"
nm3403972,Nigel Worthington,\N,\N,actor,"tt0206019,tt0183276,tt0180421,tt0139319"
nm3404123,Naoyuki Eto,\N,\N,"producer,writer","tt0230915,tt0184116,tt1304991"
nm3405029,Wolfgang Horstmann,\N,\N,editor,tt0182194
nm3405132,Claude Simeoni,\N,\N,writer,"tt0428948,tt0187090"
nm3405935,Herman Flavor,\N,\N,composer,tt0188803
nm3406186,Phillip Loplan,\N,\N,actor,tt0181499
nm3406383,King Spittune,\N,\N,"camera_department,editor","tt0185321,tt0188803,tt0185765"
nm3406550,Stacy Kay,\N,\N,writer,tt0182142
nm3406936,Edward Hunt,\N,\N,cinematographer,tt0182142
nm3407601,Jules Podell,1899,1973,,tt0183416
nm3408259,Daniel Glasser,\N,\N,"actor,writer",tt0180246
nm3410404,Ray Kingsley,\N,\N,cinematographer,tt0189674
nm3411668,Chuck Lorry,\N,\N,editor,tt0189674
nm3411820,Suzanne Terryer,\N,\N,composer,tt0178877
nm3416869,Xiaoxuan Gong,\N,\N,actress,"tt0184562,tt0338893,tt1312156,tt9548040"
nm3417796,Georgia Spain,\N,\N,actress,tt0191533
nm3419013,China Ruben,\N,\N,editor,tt0188834
nm3419092,Kathy Connelly,\N,\N,actress,"tt0185312,tt0185311"
nm3420257,John Catlin,\N,\N,actor,tt0179199
nm3420413,Dian Chelsea,\N,\N,actress,tt0179199
nm3420452,Wallace Burney,\N,\N,,tt0180545
nm3420652,Byron Brian,\N,\N,composer,tt0181943
nm3420671,Philipp Marlowe,\N,\N,cinematographer,tt0190026
nm3420965,Nina Shechtman,\N,\N,actress,"tt0188995,tt1419622"
nm3421264,Brian Jones,\N,\N,"assistant_director,director","tt0182143,tt0185423,tt0190737"
nm3425400,Mike Cuttles,\N,\N,production_designer,tt0184293
nm3426606,Kathleen Faberje,\N,\N,actress,tt0189719
nm3428348,Gritta Baerlocker,\N,\N,writer,tt0186128
nm3429319,Jerry McCabe,\N,\N,"writer,producer",tt0188213
nm3433699,Yun-min Lee,\N,\N,actor,"tt0187071,tt0071930"
nm3434957,Gene Barrit,\N,\N,editor,tt0188843
nm3435257,Chi-chih Shih,\N,\N,writer,tt0182761
nm3436644,Samantha Hain,\N,\N,"miscellaneous,writer","tt0159599,tt0182143,tt0190737"
nm3436807,Yui Komazuka,\N,\N,actress,"tt1422605,tt12900520,tt0190381,tt10477528"
nm3439082,Sonny Monitors,\N,\N,composer,tt0183385
nm3439613,Aldo Peretti,\N,\N,actor,tt0179297
nm3440129,Wendy Wardell,\N,\N,actress,tt0179297
nm3440228,Rob Dealto,\N,\N,producer,tt0182104
nm3440832,Gary Dartnol,\N,\N,actor,tt0179297
nm3441924,Dale Barphintuna,\N,\N,cinematographer,tt0190733
nm3442162,Liang Chen,\N,\N,actor,"tt0262753,tt2531076,tt0085841,tt0082706"
nm3444786,Mark Spelling,\N,\N,writer,tt0183908
nm3445127,Aladdin's Magic Rub,\N,\N,composer,tt0190633
nm3445387,Jonathan Trimm,\N,\N,editor,tt0190633
nm3445699,Enhe Feng,\N,\N,actor,"tt16744278,tt1430751,tt5855848,tt10833630"
nm3446829,The Last Resort,\N,\N,composer,tt0181345
nm3446976,Jim Shutterson,\N,\N,cinematographer,tt0190633
nm3446989,George Barbour,\N,\N,,tt0180545
nm3447311,Tao Li,\N,\N,actor,"tt0077113,tt1562465,tt0362241,tt0188787"
nm3448266,Peter Arsenoo,\N,\N,writer,tt0190633
nm3448428,Doug Johnson,\N,\N,writer,"tt0381759,tt0187644"
nm3448619,Emma Bernstein,\N,\N,composer,tt0183170
nm3449289,Martin Stevens,\N,\N,editor,tt0181943
nm3449830,Chico Lark,\N,\N,writer,tt0189690
nm3450082,Rolfe Rasmussen,\N,\N,editor,tt0189673
nm3454197,Kai Chen,\N,\N,"actor,miscellaneous","tt0165720,tt1534405,tt0188696,tt1435586"
nm3454927,Yuan-Yao Chang,\N,\N,producer,"tt1435612,tt0187054,tt0314906,tt1587737"
nm3455473,Jaime Delgado Aparicio,\N,\N,composer,tt0193131
nm3460213,Cheryl Goldberg,\N,\N,actress,tt0229528
nm3460996,Fu-Wan Chin,1934,\N,"actor,miscellaneous","tt1437851,tt0188796"
nm3462202,Mike,\N,\N,actor,tt0189684
nm3465520,Antwanette,\N,\N,actress,tt0189684
nm3465745,George,\N,\N,actor,tt0189684
nm3465901,Michael Derrossett,\N,\N,"editorial_department,visual_effects,editor","tt2208216,tt8185098,tt6272384,tt2242176"
nm3466440,Tasha,\N,\N,actress,tt0189684
nm3467511,Janey,\N,\N,actress,tt0189684
nm3470125,J. Essex,\N,\N,producer,tt0183170
nm3472388,Artur Pirolo,\N,\N,composer,"tt0189673,tt0152962"
nm3472641,Pei-Hsin Chang,\N,\N,"actress,miscellaneous","tt14056892,tt5306082,tt0183390,tt3981820"
nm3472949,Chris Stevens,\N,\N,composer,tt0189610
nm3473481,Jen-Lei Chen,1947,1994,actor,"tt0183390,tt2348688,tt2852802,tt5102476"
nm3474290,Gregor Szasz,\N,\N,cinematographer,tt0189673
nm3482103,Ernest D'Aversa,\N,\N,actor,tt0229528
nm3482181,Agadadas Qurbanov,1911,1965,actor,"tt1573789,tt1472161,tt2081193,tt1657426"
nm3485082,Fei Lam,\N,\N,"writer,actor","tt0246131,tt0193206,tt4811538,tt0187903"
nm3487024,Anthony Case,\N,\N,actor,"tt0183157,tt0065349"
nm3489180,Mark Turner,\N,\N,editor,tt0183760
nm3489438,Chaz,\N,\N,composer,tt0189789
nm3491312,George Croder,\N,\N,actor,tt0181323
nm3491481,Bonna Quigley,\N,\N,actress,tt0181323
nm3495458,Jeff March,\N,\N,"writer,producer","tt0090120,tt0182155"
nm3496208,Shirô Ôki,\N,\N,actor,"tt0072511,tt0796087,tt0182616,tt18253244"
nm3496227,Hans Hessel,\N,\N,"cinematographer,camera_department","tt4222716,tt2257778,tt4298234,tt0806910"
nm3498288,Tsai-Wu Shao,\N,\N,producer,"tt1829058,tt0187095"
nm3499065,Tanya Arslan,\N,\N,actress,"tt0183035,tt1463187"
nm3499104,Ramazan Akboga,1958,\N,"actor,production_manager,miscellaneous","tt0278527,tt0392226,tt0182872,tt0271946"
nm3499164,Akif Kilman,\N,\N,actor,"tt0183731,tt0252562,tt0253614,tt2120848"
nm3500564,Christine Linkey,\N,\N,actress,tt0190077
nm3503363,Horst Geisler,\N,\N,producer,"tt0306119,tt0806910"
nm3512607,Warpo Lewis,\N,\N,actor,tt0190079
nm3516658,Kuang-Shun Su,\N,\N,"writer,assistant_director,director","tt1243940,tt2318434,tt0188787,tt3029580"
nm3520936,Gary Lewis,\N,\N,producer,tt0187690
nm3521976,Ka-Wah Ho,\N,\N,"assistant_director,editorial_department,script_department","tt0182920,tt0280210,tt0092266,tt0107544"
nm3522549,Siu-Fung Kwok,\N,\N,"miscellaneous,production_manager,actor","tt6243998,tt0103921,tt0113350,tt2992504"
nm3524180,Yu-Chen Wang,\N,\N,writer,"tt0184621,tt6895798,tt6985020,tt1464592"
nm3524523,Paul Winter,\N,\N,composer,"tt2372247,tt0867216,tt0806910"
nm3529804,Anna-Kaisa Riitijoki,\N,\N,actress,tt0188356
nm3530948,Sampo-Juhani Parikka,\N,\N,actor,tt0188356
nm3531302,Matti Järvenmäki,\N,\N,actor,tt0188356
nm3531625,Lilli Scarpa,\N,\N,editor,"tt0184701,tt0210110,tt0186357"
nm3532808,Chiao-Li Wang,\N,\N,producer,"tt0186720,tt4336938"
nm3533573,Mike Summers,\N,\N,composer,tt0188912
nm3540484,M. Madhusudhana Rao,\N,\N,director,tt0186799
nm3544153,Naoko Koda,\N,\N,actress,"tt1483620,tt1118529,tt0209521,tt1788390"
nm3547013,Justine D'Ore,\N,\N,actress,"tt0128674,tt0257160,tt0325201,tt0064763"
nm3548134,George Cohen,\N,\N,,tt0185048
nm3550121,Peter Polymenakos,\N,\N,"editor,producer,director","tt0186200,tt1180337,tt1493827,tt27790103"
nm3557203,Braun,\N,\N,cinematographer,tt0182855
nm3559475,D. Marks,\N,\N,"editor,miscellaneous","tt0191559,tt0182229"
nm3560549,Rebecca Muskett,\N,\N,,tt0192631
nm3563094,Halid Muslimovic,1961,\N,actor,"tt1483230,tt10909718,tt0191740,tt15679340"
nm3566002,Louis Dana,\N,\N,director,tt0181343
nm3567113,Lee Hardy,\N,\N,producer,tt0189004
nm3567908,Dennis Keats,\N,\N,actor,tt0189610
nm3570961,Gilbert Sigrist,1938,2020,"soundtrack,composer,music_department","tt0448075,tt0127349,tt5688996,tt4669788"
nm3573496,Yumiko Endo,\N,\N,actress,"tt13835220,tt13230700,tt12356416,tt0185984"
nm3576487,Terrell Brown,\N,\N,,"tt0355069,tt0472973,tt1789919,tt6967060"
nm3578927,Thomas Herodt,\N,\N,actor,tt0185799
nm3579147,Claus Bo Andersen,\N,\N,actor,tt0185799
nm3579231,Anton Bielusici,\N,\N,"actor,sound_department","tt0179763,tt0038530"
nm3581697,Walt Rhopser,\N,\N,editor,tt0186972
nm3583450,Denise O'Kelly,\N,\N,writer,tt0192912
nm3588224,Roxy Rockwood,\N,\N,miscellaneous,"tt0065989,tt0065470,tt0181045"
nm3590825,Charlotte Oosthuizen,\N,\N,actress,tt0179724
nm3593016,Rachel Frey,\N,\N,actress,tt0179724
nm3593857,Tom Barlow,\N,\N,writer,tt0192912
nm3599794,Dean Landon,\N,\N,"composer,soundtrack,music_department","tt1092019,tt0218067,tt0284655,tt0186894"
nm3600377,Christian Boesch,\N,\N,"actor,writer,soundtrack","tt1663329,tt2148925,tt1390946,tt0190600"
nm3602115,Ainsley Earhardt,1976,\N,"writer,producer,actress","tt0185065,tt0247094,tt12932534"
nm3604144,Jay See,\N,\N,composer,"tt1148255,tt0189494"
nm3605452,Ljiljana Petrovic,1944,2010,"actress,soundtrack,composer","tt5011816,tt12271314,tt0756185,tt0180811"
nm3617886,Chiang Lu,\N,\N,"assistant_director,director","tt0187015,tt0079315,tt0081794,tt0201353"
nm3618900,Craig Glazer,\N,\N,actor,tt0189394
nm3624408,Satsuki Ariga,\N,\N,actress,"tt1011881,tt15061926,tt2146543,tt0184126"
nm3631821,R. Taraskevic,\N,\N,"editor,miscellaneous","tt1519435,tt0192975,tt2915156"
nm3637791,Gina Divelli,\N,\N,actress,tt0189901
nm3639051,Larry Ray Dunn,\N,\N,cinematographer,tt0188697
nm3640167,Carl Nordquist,\N,\N,editor,tt0192836
nm3641398,Harry Merkle,\N,\N,writer,tt0181892
nm3649145,Lan Lo,\N,\N,writer,tt0186699
nm3649505,Sidney Forman,\N,\N,writer,tt0187524
nm3650038,Allan Charles,\N,\N,editor,"tt0153195,tt0181505"
nm3654614,Christian Klischat,1969,\N,actor,"tt1149362,tt2071466,tt8787284,tt24092544"
nm3655861,Michelle L. Wright,\N,\N,producer,tt0189693
nm3656140,George Ross,\N,\N,actor,tt0187524
nm3665102,Eric Brenner,\N,\N,"producer,actor,soundtrack","tt1263670,tt2205697,tt1435513,tt1645155"
nm3667837,Jun Era,\N,\N,actor,"tt1399140,tt0184647,tt0818110,tt0295258"
nm3668338,Yôko Kiku,\N,\N,actress,"tt2364620,tt0185072,tt0159173,tt1538492"
nm3668398,The Great Unknowns,\N,\N,composer,tt0181423
nm3669040,Gale Finch,\N,\N,editor,tt0189996
nm3670983,Paul Devriès,\N,\N,producer,"tt0196042,tt0238147,tt0194200,tt0199633"
nm3671208,Hidetsugu Akita,\N,\N,cinematographer,"tt1537038,tt0187220,tt4770724"
nm3674597,The Jacques Loussier Trio,\N,\N,"soundtrack,composer,music_department","tt1710542,tt0058365,tt0189758,tt6952298"
nm3679007,Eve Austin,\N,\N,"actress,producer,writer","tt9742936,tt5105998,tt9046896,tt22899346"
nm3684194,Banu Özdemir,\N,\N,actress,"tt0183373,tt1589427,tt0200509,tt1764343"
nm3684723,Kyôji Tôyama,\N,\N,actor,"tt25433880,tt0322935,tt0198603,tt0165869"
nm3694144,Judy Burns,\N,\N,actress,tt0190722
nm3699507,John Ross,\N,\N,actor,tt0182937
nm3704822,Nurettin Alkis,\N,\N,actor,"tt0183345,tt0263776,tt1556105,tt6531902"
nm3709102,Kanji Kume,\N,\N,actor,"tt2093223,tt0287387,tt0287647,tt0183380"
nm3710048,Ilkka Uusivuori,\N,\N,soundtrack,"tt0367357,tt1594901,tt0187671,tt11966998"
nm3710848,Chia-Shan Wu,\N,\N,actress,"tt0077113,tt0188787,tt25187108,tt6953936"
nm3718045,Nurgül Kaya,\N,\N,actress,tt0183754
nm3718528,Hugo Blanco,1940,2015,"soundtrack,composer,music_department","tt0395125,tt0085860,tt0186245,tt0258016"
nm3719908,Lana Howard,\N,\N,actress,"tt0187307,tt0204148,tt0208946,tt0201002"
nm3722890,Filomena Ferronha,\N,\N,actress,"tt0487826,tt0181215"
nm3727852,Louis Klaus,\N,\N,writer,tt0191598
nm3728323,Zhuang Lin,\N,\N,cinematographer,tt0182030
nm3728456,J. Kensington,\N,\N,producer,"tt0181372,tt0170015"
nm3733029,Kai Kassel,\N,\N,actor,tt0182123
nm3738781,J.D. South,\N,\N,cinematographer,tt0191598
nm3739272,Tom Booker,\N,\N,director,tt0191598
nm3739374,Stefan Weigl,1962,\N,writer,"tt0191644,tt3341090,tt0423730,tt2723240"
nm3741478,George Hytower,\N,\N,producer,tt0191598
nm3741951,Johannes Kram,\N,\N,writer,"tt10124342,tt0191644,tt5581766"
nm3742495,Thomas Edward Keith,1941,2010,"director,writer",tt0180590
nm3743289,Guang-qin Ye,\N,\N,writer,"tt0182030,tt1694514"
nm3743341,Algebra,\N,\N,composer,"tt0181372,tt1489660"
nm3743680,Leif Jenericsen,\N,\N,"writer,special_effects","tt0181372,tt0170015"
nm3747656,Lilian Araya,\N,\N,actress,tt0182689
nm3750290,Hammond Gates,\N,\N,writer,tt0191582
nm3750317,Chris Meyer,\N,\N,cinematographer,tt0191582
nm3751223,Dumitry Trucia,\N,\N,cinematographer,tt0181329
nm3752685,Pablo Lira,\N,\N,actor,"tt16252686,tt0190250"
nm3759025,Chin-Hui Yu,\N,\N,"cinematographer,camera_department","tt0187066,tt0165123,tt1427317,tt0201090"
nm3759996,Vittorina Bortoli,\N,\N,writer,tt0183781
nm3760922,Luciano Badín,\N,\N,,tt0189337
nm3763611,Jerry Morrow,\N,\N,actor,tt0192931
nm3764100,Chris Grey,\N,\N,actor,"tt0190266,tt0081739"
nm3765852,Carlos Abel Caso,\N,\N,actor,"tt0181282,tt0181767"
nm3769209,Man-Miao Huang,\N,\N,actress,"tt1584086,tt8907810,tt2033273,tt0186109"
nm3769293,Alexandra Baumrucker,\N,\N,writer,"tt0186278,tt1583325"
nm3773294,Alfonso García,\N,\N,"producer,production_manager,miscellaneous","tt0450532,tt0415421,tt0454739,tt0450527"
nm3775307,Gadowar Singh Sahota,1954,\N,actor,"tt0192931,tt10701822,tt0421463,tt4325502"
nm3779010,Clyde Tolson,1900,1975,actor,tt0052792
nm3781991,H. Wong,\N,\N,producer,tt0190060
nm3783169,Glenn Jones,\N,\N,writer,tt0179710
nm3788916,Jin Chao,\N,\N,"actress,writer","tt0186713,tt2254568,tt0100584"
nm3790017,Sigrun Krokvik,\N,\N,writer,tt0179112
nm3790455,Plain Feather,\N,\N,,tt0186862
nm3790538,Old Badger,\N,\N,,tt0186862
nm3793736,Mami Nakanishi,\N,\N,actress,tt0184159
nm3796480,Bear Claw,\N,\N,,tt0186862
nm3797620,Scratches His Face,\N,\N,,tt0186862
nm3797624,Bird Tail,\N,\N,,tt0186862
nm3802528,Feng-bin Mou,1976,\N,actor,"tt18413900,tt10290198,tt1599268,tt27163192"
nm3806943,Aarti Prabhu,\N,\N,"writer,soundtrack",tt0192566
nm3807074,Bill Hastings,\N,\N,script_department,"tt0207918,tt0297635,tt0191677,tt1447504"
nm3808746,Wai-Man Lee,\N,\N,actor,"tt0185390,tt0113351,tt2157180,tt0284323"
nm3811413,Bosco Llamas Jr.,\N,\N,"camera_department,editor","tt0181333,tt0190757"
nm3811533,M. France,\N,\N,cinematographer,tt0190757
nm3815478,Chûzaburô Wakamiya,\N,\N,actor,"tt2095767,tt0408161,tt3533420,tt1943080"
nm3819706,Mikko Parikka,1988,\N,"actor,soundtrack","tt0185819,tt8463740,tt2343475,tt11025266"
nm3820104,Aubrey Singer,\N,\N,"producer,director","tt5565342,tt5202848,tt0168966,tt0237964"
nm3825814,Egidio Heiss,\N,\N,cinematographer,"tt0188572,tt0191183,tt0144524,tt0189422"
nm3826979,Elma Demetrio,\N,\N,actor,tt0186203
nm3827861,Bridget,\N,\N,actress,tt0190817
nm3828269,Mei-Ying Fung,\N,\N,actress,"tt0058975,tt4360338,tt0187962,tt0208191"
nm3831789,Prospero Bisquert,1881,1959,composer,"tt0181285,tt0186203,tt0195219"
nm3832794,Suzzanne Bizzare,\N,\N,editor,tt0190659
nm3833086,Johnathon Norton,\N,\N,editor,tt0191575
nm3839936,Mark Shaw,\N,\N,editor,tt0191554
nm3842028,J.J. LaFleur,\N,\N,cinematographer,"tt1713542,tt3484788,tt0185595"
nm3842750,Pierre Fabre,\N,\N,producer,tt0193148
nm3842755,William Minnerly,\N,\N,editor,"tt0185595,tt7760674"
nm3846619,Page Turner,\N,\N,"script_department,writer","tt0189900,tt0181372,tt0190784,tt0141172"
nm3846980,T.G. Thyagarajan,\N,\N,producer,"tt6878378,tt0187318,tt0139876,tt0764655"
nm3851205,Brady Halls,\N,\N,,"tt0190177,tt1400602"
nm3852145,Evelyn,\N,\N,actress,"tt1625131,tt0183357,tt13216974,tt3378480"
nm3854068,Maruo Yasui,\N,\N,"art_director,production_designer","tt0170962,tt0188804"
nm3855291,Brian Rogers Dancers,\N,\N,"actor,soundtrack","tt1691888,tt0387751,tt0295098,tt15427986"
nm3855890,Marie Kellier,\N,\N,actress,tt0184371
nm3856974,Vlastimir Nenadic,\N,\N,actor,tt0184760
nm3857484,Bull Ishihara,1952,2018,writer,"tt0360624,tt1442543,tt0190001,tt1466867"
nm3859668,Shelly Dee,\N,\N,"producer,production_manager",tt0183124
nm3859743,Rita S.,\N,\N,"art_department,costume_department,director","tt0153789,tt0133585,tt0183124,tt0182947"
nm3861508,Don Miller,\N,\N,"actor,writer",tt0190012
nm3861544,Jennifer Knight,\N,\N,actress,tt0190012
nm3863800,Kung Liang,\N,\N,editor,"tt0192379,tt0192497,tt1659297"
nm3867961,Srinivasa Rao,\N,\N,producer,tt0187445
nm3868554,Toivo Hiltunen,\N,\N,,"tt0183975,tt1634019"
nm3869986,Al Guerrero Jr.,\N,\N,"cinematographer,art_department,camera_department","tt0190012,tt1745916"
nm3876504,Gustavo Bazterrica,\N,\N,soundtrack,"tt0193029,tt1636434"
nm3890975,Lyudmila Zankovskaya,1917,1952,actress,tt0189945
nm3892355,Cecil D. Magpuri,\N,\N,"director,producer","tt11468930,tt11600760,tt2500638,tt0186643"
nm3893875,S. Barnes,\N,\N,"actor,writer","tt0192512,tt1639843"
nm3897622,Hui-Te Chu,\N,\N,actor,"tt4472094,tt0122001,tt27757700,tt27670397"
nm3900105,Lea Dedrick,\N,\N,actress,tt0191544
nm3903784,Craig Annis,\N,\N,producer,"tt0178952,tt0471157,tt1289608"
nm3904068,Monique Sihanouk,\N,\N,actress,"tt0191594,tt1821591,tt3014390,tt1741666"
nm3904223,Som Sam Al,\N,\N,"cinematographer,director","tt1941577,tt5747844,tt0191594,tt3014390"
nm3905241,Claire Quebedeau,\N,\N,cinematographer,tt0190005
nm3906326,Chiu Cho,\N,\N,actor,tt0184450
nm3906787,David Sternburg,\N,\N,cinematographer,tt0190005
nm3911622,Chris Coaley,\N,\N,actor,"tt0191544,tt0095655"
nm3912098,Michael Chambers,\N,\N,actor,tt0191544
nm3920924,Cor Beurskens,\N,\N,actor,tt0192941
nm3922777,Gilbert Renault-Decker,1904,1984,producer,"tt0189235,tt0170864,tt0187688,tt0206210"
nm3923785,Barbara Johr,\N,\N,"assistant_director,writer,miscellaneous","tt0117460,tt0184255"
nm3929103,Sommer Knight,1979,\N,actress,"tt0220852,tt0190106,tt0203425,tt0486258"
nm3932422,Matt Gutman,1977,\N,"writer,actor","tt9793686,tt0124932,tt5839204,tt6963192"
nm3933039,Tom Denove,\N,\N,"cinematographer,camera_department","tt3294530,tt0180808,tt0086625,tt0438454"
nm3933595,K.J. Wilson,\N,\N,actor,tt0182634
nm3936263,Pury Durante,\N,\N,actress,"tt0239398,tt0189412"
nm3942986,Marc Demeyer,1950,1982,,tt0193171
nm3951616,Emily Smith,\N,\N,,"tt0189248,tt0355069,tt14623180,tt0827948"
nm3951680,Jim Brown,\N,\N,editor,tt0179696
nm3951734,S. Norman,\N,\N,cinematographer,tt0179696
nm3951943,M. Boyer,\N,\N,cinematographer,tt0179696
nm3952617,James Field,\N,\N,"director,assistant_director,producer","tt0185107,tt0075545,tt0143081,tt0143080"
nm3953480,Ombretta Fabbri,\N,\N,"assistant_director,producer,production_manager","tt0183443,tt0187777"
nm3953541,H.-A. Kusters,\N,\N,producer,tt0192449
nm3954936,Gaetano Giuffrida,\N,\N,producer,"tt0187777,tt0183443"
nm3958801,Alicia Rebolledo,\N,\N,actress,tt0189952
nm3960297,Francis Milton,\N,\N,actor,tt0183171
nm3968474,Mario Kramarenco,\N,\N,actor,tt0189952
nm3969420,Alberto Lecaros,\N,\N,actor,tt0189952
nm3969506,Charlotte,\N,\N,actress,tt0250524
nm3969516,Idilio Nelson Soto,\N,\N,actor,tt0189952
nm3970017,Beco Baytelman,\N,\N,actor,"tt0063496,tt0201817,tt0189952"
nm3972027,Frank Kraljic,\N,\N,"producer,director,cinematographer","tt2008701,tt5352334,tt2717058,tt0188101"
nm3972142,Antonio Feliz,\N,\N,actor,tt0180170
nm3972712,Nancy Chapple,\N,\N,,tt0186877
nm3974676,Mariko Fukushima,\N,\N,actress,"tt0183933,tt0183934,tt0809732,tt14650246"
nm3975622,Ivan Katic,\N,\N,actor,"tt0324930,tt0190034"
nm3983532,Jie Cheng,\N,\N,actor,"tt0184625,tt1071812"
nm3985018,Alan Smith,\N,\N,actor,tt0180883
nm3985298,Ennio Mancuso,\N,\N,composer,tt0189551
nm3998231,Gianni Bellandi,\N,\N,actor,"tt0191713,tt0198841"
nm4001637,William Francis,\N,\N,writer,"tt0181055,tt0335600"
nm4003384,Claudia Hutchins,\N,\N,actress,tt0185478
nm4004767,Mario Cantini,\N,\N,"soundtrack,composer,music_department","tt0179906,tt12801262,tt3013610,tt0101460"
nm4006294,Kon Samoeun,1947,1976,actor,"tt0191594,tt3922088,tt13149120,tt14562748"
nm4006386,Visakha Tioulong,\N,\N,actress,"tt0191594,tt3014390"
nm4006538,Yiu-Lam Chan,\N,\N,actor,"tt0164407,tt0187958,tt0187960,tt0204895"
nm4007032,Clyde Burkholder,\N,\N,,tt0094416
nm4007375,Guy Franz Arend,\N,\N,,tt0094416
nm4023302,Shigehisa Ohno,1940,\N,"actor,producer","tt1706101,tt2404976,tt0185071,tt0996534"
nm4028864,Gölge Basar,1954,\N,actress,"tt8862784,tt0182916,tt6045884,tt1957993"
nm4033491,Nobuyoshi Fukuda,\N,\N,actor,"tt0185071,tt1710530,tt2498010"
nm4035407,David Gravelle,\N,\N,actor,"tt0191015,tt0191186,tt1735231"
nm4061356,Sergei Svetlitsky,1965,\N,actor,tt0191375
nm4063955,Hans Bitow,\N,\N,,\N
nm4065456,Carmen Fernandez,\N,\N,actress,"tt0193296,tt0180473,tt28244401,tt1919182"
nm4065626,Elizabeth Raum,\N,\N,composer,tt0192626
nm4065695,Hoi-Fung Ngai,\N,\N,cinematographer,"tt5723608,tt12885900,tt12885766,tt14449810"
nm4069239,Ah-Fung,\N,\N,actor,tt0186714
nm4069746,Yin-Yin Wong,\N,\N,producer,tt0186714
nm4070020,Ah-Chung,\N,\N,"actor,art_department","tt2885360,tt5208660,tt0186714,tt21249222"
nm4070600,Ayfer Idin,\N,\N,actress,"tt0183590,tt0253637,tt0183327,tt0343422"
nm4073969,Sadashi Sano,\N,\N,"camera_department,cinematographer,miscellaneous","tt0454362,tt0091211,tt4926606,tt0159928"
nm4077318,Rick Hendrix,\N,\N,"miscellaneous,music_department,producer","tt2215717,tt3532216,tt3704428,tt27950029"
nm4078624,Joan Spear,\N,\N,"music_department,composer","tt0191765,tt1679340"
nm4086450,Hon-wai Leung,\N,\N,actor,"tt0182965,tt16194960,tt0185188"
nm4087352,Oi-Tsu Fung,\N,\N,actress,"tt0081565,tt0185188,tt0083199"
nm4096788,Aikamiehet,\N,\N,"soundtrack,actor","tt0159535,tt0116656,tt0127986,tt0185076"
nm4106504,Miroslav Zivkovic,\N,\N,"production_manager,producer","tt0228509,tt0192356,tt0186899,tt0370769"
nm4108705,Tom Kelly,\N,\N,director,tt0181017
nm4109200,Dave Falks,\N,\N,writer,tt0181017
nm4109287,Myra Stevens,\N,\N,actress,tt0181017
nm4112445,Yûichi Ikeda,\N,\N,writer,"tt15090204,tt0159171,tt0326435,tt6708152"
nm4115583,Ada Vertan,\N,\N,producer,"tt0455334,tt14981336,tt0180898,tt0127271"
nm4116559,Mao-Hsi Tseng,\N,\N,"production_manager,miscellaneous,writer","tt0188769,tt23805328,tt20913284,tt0445278"
nm4119683,Mihailo Popovic,\N,\N,actor,tt0181007
nm4119741,Kô Mitsui,\N,\N,actor,"tt0077281,tt0184152,tt0156214"
nm4120185,Brunel,\N,\N,actor,tt0191179
nm4120342,André Aubergé,\N,\N,"writer,producer",tt0191179
nm4120370,Lidija Boricic,\N,\N,actress,tt0181007
nm4120458,Isa Elnau,\N,\N,editor,tt0191179
nm4135777,William Burk,\N,\N,actor,tt0183635
nm4138323,Brij Bihari,\N,\N,"music_department,writer","tt2971464,tt0186793,tt0187188,tt2739856"
nm4140043,Lok-Yam Leung,\N,\N,"composer,music_department,actor","tt0118694,tt2300997,tt4793266,tt0192127"
nm4141970,Kwun-Hap Yeung,\N,\N,actor,"tt0192832,tt3407280,tt3454292,tt1754289"
nm4149515,Yu-Kang Chao,1947,\N,writer,"tt2897442,tt2061644,tt2980838,tt1758672"
nm4151712,Stanka Veselinov,1920,1984,"writer,miscellaneous",tt0181029
nm4152733,Sandro Beretta,\N,\N,,tt0186357
nm4152751,Giovanni Pandocchi,\N,\N,,tt0186357
nm4152787,Aniello Costabile,\N,\N,"music_department,composer","tt0191329,tt0178528,tt0325249,tt0186357"
nm4152911,Stefano Paroletti,\N,\N,,tt0186357
nm4160553,Heisuke Kinami,\N,\N,actor,"tt0187119,tt11155546,tt0188771,tt1764518"
nm4162181,Sumio Tomikawa,\N,\N,actor,"tt0215887,tt1558584,tt1765837,tt0182628"
nm4163810,Danny Leigh,\N,\N,"actor,writer","tt2757614,tt0192897,tt2467644,tt1991264"
nm4165869,Gordon Harcourt,\N,\N,,tt0191686
nm4174283,Wolfgang Voigt,\N,\N,cinematographer,"tt0806901,tt1772495,tt0121027,tt0292842"
nm4175113,Filiz Aker,1963,2017,actress,"tt1772946,tt5321194,tt0183272,tt0183371"
nm4179064,Aleksandar Sisic,1937,2007,actor,"tt0184695,tt1776364"
nm4181742,Costa Jr.,\N,\N,composer,"tt1887839,tt0186564,tt0331315,tt1863343"
nm4195723,Helmut Neugebauer,\N,\N,"writer,miscellaneous",tt0185955
nm4198007,Mei-Yun Liu,\N,\N,producer,"tt0121303,tt2254516,tt0185777,tt2151322"
nm4198302,Chia-Chung Chi,\N,\N,"producer,miscellaneous","tt0185777,tt0121303,tt0121459,tt3029584"
nm4207889,Marjan Jercic,\N,\N,actor,"tt0192911,tt0192904"
nm4211742,Kyle Smart,\N,\N,"editor,editorial_department,miscellaneous","tt28447383,tt7133352,tt5138684,tt5343512"
nm4212231,Laury Thilleman,\N,\N,actress,"tt7647732,tt1829076,tt0832440,tt0169458"
nm4221173,Karina Castañeda,\N,\N,actress,"tt0187783,tt0191705"
nm4221498,Marie Schou Nielsen,\N,\N,actress,tt0187533
nm4221504,Jesper Flintsø,\N,\N,actor,"tt0187533,tt0217223"
nm4221720,David Vito Gregoli,1959,\N,"music_department,actor,sound_department","tt0103090,tt0104831,tt1582196,tt0103907"
nm4223864,Kam-Hon Cheung,\N,\N,actor,tt0193458
nm4225549,Olive Prince,1918,\N,actress,tt1152788
nm4226137,Hilda Brown,\N,\N,actress,tt1446193
nm4236058,Milan Barbhuiya,\N,\N,"writer,actor","tt21027870,tt0375705,tt0187576"
nm4239040,Darren Kennedy,\N,\N,,"tt0425725,tt13747924,tt6763662,tt10619372"
nm4239724,Mustafa Karatas,\N,\N,"editorial_department,editor,writer","tt1625323,tt10955844,tt7790892,tt0405778"
nm4240721,Aiko Asahina,\N,\N,actress,tt0186273
nm4241843,Andrew Sutherland,\N,\N,"composer,music_department","tt0217720,tt0221431,tt0179861"
nm4242638,Steven Truffaut,\N,\N,editor,tt0183031
nm4243735,Ishii Hisatoshi,\N,\N,"director,producer",tt0192252
nm4250145,Kamil Sesli,1954,\N,"actor,set_decorator","tt6006996,tt0263098,tt5156864,tt0184051"
nm4251505,Yoshiharu Yabuki,\N,\N,actor,"tt1841843,tt0185116"
nm4252840,Arif Özalp,\N,\N,"editorial_department,sound_department,editor","tt0472669,tt0404442,tt0469602,tt0182731"
nm4254889,Metin Çesmebasi,\N,\N,"editorial_department,editor,camera_department","tt1977055,tt5156864,tt6006996,tt0252562"
nm4256456,Gabriel Burrafato,\N,\N,"actor,soundtrack","tt1378167,tt11833388,tt13833978,tt6226232"
nm4256730,Soner Senbecerir,\N,\N,"editorial_department,editor,actor","tt5156864,tt1977055,tt6006996,tt0252562"
nm4259607,Abdulhay Edip,\N,\N,writer,"tt0274493,tt0183366,tt0277656,tt0274642"
nm4261261,Aleko Alexandru,1943,\N,"editor,sound_department,editorial_department","tt14237752,tt6525480,tt0253960,tt0267351"
nm4264018,Ferda Büyükgünes,1953,\N,actress,"tt0183356,tt13485760,tt7106018,tt0279032"
nm4264034,Nüzhet Birsel,\N,\N,producer,"tt0415680,tt0405434,tt7088436,tt0290312"
nm4268129,Linsey Davis,1977,\N,actress,"tt0072506,tt5839204,tt0124932,tt0154053"
nm4270170,Rob van Houten,1939,\N,"actor,director,soundtrack","tt0192941,tt0252770,tt1282010,tt0237980"
nm4271759,Michel Durieux,\N,\N,"writer,production_manager","tt0179596,tt0498477,tt0498514"
nm4271994,Nicolas Moreau,\N,\N,actor,"tt0435479,tt18349514,tt1711484,tt0123952"
nm4277613,Colin Campbell,\N,\N,"composer,producer","tt0181030,tt2306695,tt5906604,tt0448910"
nm4282536,Osgood Scott,\N,\N,actor,tt0192081
nm4284858,Mike Smith,\N,\N,producer,"tt0188557,tt0266155"
nm4288256,Peters and Lee,\N,\N,"soundtrack,actor","tt0302179,tt4037764,tt0478942,tt0139803"
nm4289891,Yôko Atsuta,\N,\N,actress,"tt7732942,tt0187152,tt10408356,tt7847786"
nm4296409,A. Hristofidis,\N,\N,producer,tt0181531
nm4298460,Thodupuzha Radhakrishnan,\N,\N,actor,"tt0269724,tt0317979,tt0326029,tt0272187"
nm4308474,Philip Quinton,\N,\N,"sound_department,actor,soundtrack","tt26711635,tt0338653,tt0241383,tt13130838"
nm4308605,Oflaz Onur,1946,\N,actor,"tt2379876,tt1837008,tt0183336,tt3466246"
nm4312898,Soraya Garlenq,\N,\N,actress,"tt4386224,tt26605367,tt4288182,tt5600326"
nm4324143,Sharon Ryder,\N,\N,writer,tt0189687
nm4332342,Yee Fok,\N,\N,actor,"tt1845216,tt7392158,tt0193350,tt0081498"
nm4332550,Chi-Shing Chow,\N,\N,actor,"tt2848564,tt0192523,tt0192066,tt4760522"
nm4334437,Ricardo Nunes,\N,\N,actor,tt0183057
nm4334539,June Dixon,\N,\N,actress,tt0385464
nm4334708,Jose Latour,\N,\N,actor,tt0190072
nm4334752,Sven Jensson,\N,\N,actor,tt0190072
nm4341690,Tim Dax,\N,\N,"actor,producer,director","tt15203302,tt3796746,tt4997978,tt5225574"
nm4343015,Leslie Den Dooven,\N,\N,actress,"tt0185976,tt1849919,tt0057731,tt4163682"
nm4344510,Kai-Mu Lo,\N,\N,"miscellaneous,producer","tt0192213,tt0349304,tt0076464"
nm4345224,Francisco Ciriaco,\N,\N,actor,tt0185838
nm4345302,Jane James,\N,\N,actress,tt0190911
nm4347997,James Crews,\N,\N,actor,tt0190045
nm4356586,Ramilles Corbin,\N,\N,actor,"tt0180368,tt0123355"
nm4359144,Anna Cammarano,\N,\N,producer,tt1856236
nm4360947,Jenny Strassburg,\N,\N,"actress,producer","tt17416218,tt9742936,tt0203259,tt11242246"
nm4363990,Damla Coskunoglu,1967,\N,actress,"tt1861368,tt0183116,tt0253996,tt0182974"
nm4365988,Kindra Orr,\N,\N,producer,tt0192028
nm4366181,Zoë Scott,\N,\N,actress,"tt0088512,tt0185814"
nm4369060,Karen Martini,\N,\N,,"tt7809794,tt1626459,tt0185790,tt0965332"
nm4369107,Ed Halmagyi,\N,\N,,tt0185790
nm4369563,Maria Molina,\N,\N,,"tt3608508,tt1240986,tt3230098,tt0344647"
nm4370282,Viking Almquist,\N,\N,"director,actor,writer","tt27263083,tt3077194,tt6964394,tt3077142"
nm4370344,Cristina Grifeo,\N,\N,writer,tt1856236
nm4375331,Chantal Provost,\N,\N,actress,"tt0105954,tt0170966,tt0189260"
nm4376521,A. Price,\N,\N,actor,tt0185146
nm4376668,Olga Berville,\N,\N,actress,tt0185146
nm4377444,Mario La Cava,\N,\N,writer,tt1856236
nm4377457,Natalia Arsene,\N,\N,actress,"tt0182683,tt0044227,tt0136381,tt0061168"
nm4390676,Johnson Raela,\N,\N,,tt0179621
nm4393653,Toru Hasegawa,\N,\N,producer,"tt0109633,tt0085092,tt0476513,tt0400352"
nm4398605,John Ellison,\N,\N,"actor,producer,assistant_director","tt0125438,tt0187470,tt0169895,tt0303370"
nm4401296,Jonny Karakuc,\N,\N,actor,tt0189394
nm4405304,Martin Kumzák,\N,\N,composer,"tt0182306,tt16347352,tt1883384,tt1782958"
nm4408685,Aleksandar Radujkovic,\N,\N,actor,tt0180627
nm4411266,Mark Alexander,\N,\N,"music_department,composer","tt2416172,tt1832405,tt9313424,tt16370168"
nm4434417,Mark Jefferies,\N,\N,actor,"tt0268889,tt15799544,tt0217175"
nm4435499,Kuei-Hua Chen,\N,\N,producer,tt0187032
nm4438973,Indira Mahal,\N,\N,actress,tt0189673
nm4438991,Vladimir Mendelev,\N,\N,actor,tt0189673
nm4439760,Sarah Hauser,\N,\N,actress,"tt0346314,tt0290223,tt0185133,tt0367439"
nm4444677,Erik Mulet,\N,\N,"art_department,production_designer","tt0183488,tt5447850,tt0438575,tt0265086"
nm4444965,Willie Thomas,\N,\N,cinematographer,tt0184015
nm4448203,Else Zwart,\N,\N,actress,tt0179057
nm4455082,Martin Hofmann,1956,\N,"producer,production_manager","tt0806910,tt1461962,tt0206303,tt0180275"
nm4459399,Elena Popescu-Liciu,\N,\N,actress,"tt0265807,tt0190516"
nm4465265,Sensuous Lee,\N,\N,actress,"tt0181377,tt0181379,tt0301032"
nm4478061,Rob Marciano,1968,\N,,"tt0072506,tt0081857,tt0124932,tt6963192"
nm4493217,Nilüfer Öz,\N,\N,"actress,soundtrack","tt6006968,tt11313404,tt0183361,tt7417844"
nm4496807,Sophie Parkin,\N,\N,,"tt0224483,tt0216470,tt0181589"
nm4506482,Yuk Lam,\N,\N,actor,"tt0187968,tt8793502,tt0064521,tt0934595"
nm4507569,Seyfi Dursunoglu,1932,2020,actor,"tt7147756,tt12952888,tt2676780,tt0183507"
nm4513885,He-Hsiao Liao,\N,\N,editor,"tt0122294,tt0184063,tt0106841,tt0099722"
nm4516948,Rezsõ Losoncz,\N,\N,actor,tt0192384
nm4521441,Emma Goldman,1869,1940,writer,tt1974267
nm4523927,Raymond Si,\N,\N,"writer,actor,director","tt2338345,tt0346747,tt1975987,tt0184443"
nm4527296,Hoi-Naam Jeng,\N,\N,producer,tt0184625
nm4539326,Chiko Kanseki,\N,\N,actress,"tt0197303,tt0185792"
nm4545005,Philip Wilkinson,\N,\N,"editor,editorial_department","tt0297621,tt0429290,tt0071105,tt0421338"
nm4552201,Hsi Lai,\N,\N,"actor,producer,miscellaneous","tt0455445,tt0186713,tt2521702,tt0186653"
nm4552707,Alpha Mulumba,\N,\N,actor,tt0184397
nm4554866,Ming-Yen Hsieh,\N,\N,actress,"tt0186713,tt6616844,tt0121546"
nm4555299,Philippe Hartmann,1970,\N,"actor,transportation_department,set_decorator","tt8521718,tt10044946,tt4131756,tt9747016"
nm4556044,Thooyavan,\N,\N,"writer,actor","tt1176176,tt0274336,tt0280890,tt0186794"
nm4556180,Jussi Juntunen,\N,\N,,tt0183975
nm4560380,Mika Uusitalo,\N,\N,,tt0187577
nm4560518,Karl Gunnarsson,\N,\N,,tt0187577
nm4561625,Walter Dunnett,\N,\N,writer,tt0185654
nm4563214,Masaru Obayashi,\N,\N,"stunts,actor","tt6069250,tt0409634,tt2210717,tt7446086"
nm4566896,Lung-chen Chen,\N,\N,producer,tt0182724
nm4574243,Jacques Khoulter,\N,\N,writer,tt0183301
nm4574359,Joshua Cutter,\N,\N,editor,tt0183301
nm4574462,Shu-Eu Chiang,\N,\N,"assistant_director,actress,writer","tt0185421,tt11401092,tt4788638,tt21331614"
nm4574516,Sven Sunkist,\N,\N,cinematographer,"tt0183301,tt3282006,tt3281964"
nm4574734,Chrissie Roberts,\N,\N,actress,"tt0264090,tt0190354"
nm4574764,Mark Walton,\N,\N,actor,"tt0264090,tt2008311,tt0190542"
nm4574798,Mal Jefferson,\N,\N,actor,"tt0190542,tt0264090"
nm4574799,John Meynell,\N,\N,actor,"tt0264090,tt0190542"
nm4574815,Carol Garside,\N,\N,actress,"tt0264090,tt0188349,tt0190354"
nm4574831,Brian Gilbert,\N,\N,actor,"tt0264090,tt0190354"
nm4574838,Virginia Donovan,\N,\N,actress,"tt0264090,tt0190354"
nm4587727,Keiko Kurenai,\N,\N,actress,tt0182628
nm4595995,D. Sivanandam,\N,\N,"sound_department,producer",tt0192198
nm4596020,R. Devarajan,\N,\N,"editor,producer,director","tt0364326,tt3424908,tt0354004,tt0250227"
nm4596803,Radoslav Dravic,\N,\N,producer,"tt0180732,tt7824682"
nm4599207,Mel Lieberman,\N,\N,writer,tt0179458
nm4600940,Michael Farr,\N,\N,actor,tt0183201
nm4602334,Gripp,\N,\N,actor,tt0191884
nm4604930,Florence,\N,\N,actress,tt0191884
nm4605047,Terry Seabrook,1932,2011,"composer,music_department,miscellaneous","tt12651494,tt7138286,tt10720846,tt0270760"
nm4607919,John Cunningham,\N,\N,,tt0190833
nm4608651,Ann Woods,\N,\N,actress,tt0183201
nm4609481,José Larralde,\N,\N,actor,tt0187483
nm4610367,Sung-Kyu Choi,\N,\N,actor,"tt0318703,tt0075905,tt0077277,tt0186102"
nm4611796,Milos Matic,\N,\N,"actor,transportation_department","tt0192384,tt7776006"
nm4614570,Cemal Ersünel,\N,\N,actor,"tt22851316,tt0182793,tt0263211,tt0494650"
nm4621801,Claudia Kühn,\N,\N,"script_department,actress","tt0192156,tt0490438"
nm4622942,Milton Katims,1909,2006,,"tt0178946,tt0052447"
nm4623495,Lientje Weggemans,\N,\N,actress,tt0179009
nm4623523,Charlie Briggs,\N,\N,director,tt0179335
nm4624268,Fiorella Ceccacci Rubino,\N,\N,actress,"tt0184165,tt19358400,tt0449498,tt0177576"
nm4624606,Merlin Nyakam,\N,\N,actor,"tt0178948,tt0459495,tt19119018"
nm4625321,Bernard Lowen,\N,\N,cinematographer,tt0188818
nm4634019,Shigeru Fukutake,\N,\N,"composer,miscellaneous,producer","tt2235625,tt0488982,tt2369503,tt1981616"
nm4641270,Esteri Halmetoja,\N,\N,,tt0183975
nm4641712,Jean Noté,1859,1922,actor,"tt0189893,tt1988167"
nm4642176,Gordon Giddings,\N,\N,actor,tt0188103
nm4643116,Nancy Grigor,\N,\N,actress,tt0188103
nm4645804,Tatsumaro Asano,\N,\N,"producer,production_manager","tt0216863,tt0186592,tt19119372,tt1994593"
nm4646319,Uli Scheu,\N,\N,editor,tt0187206
nm4649968,Recai Aktü,\N,\N,actor,tt0182987
nm4650264,Satoe Terashima,\N,\N,"composer,sound_department,soundtrack","tt0488982,tt0185980,tt2158278,tt6210614"
nm4653124,Faruk Ekel,\N,\N,actor,"tt0182906,tt0252390,tt0263357"
nm4653454,Veera Alén,\N,\N,,tt0183975
nm4654617,Mark Paul Jones,\N,\N,miscellaneous,"tt0325596,tt1992181,tt0190918"
nm4655481,Veli Arrela,\N,\N,,tt0183975
nm4656722,David Bienstock,\N,\N,"director,writer","tt0181398,tt2042614"
nm4657475,Brian Ward,\N,\N,actor,tt0190542
nm4657769,Victor Henry,\N,\N,cinematographer,tt0188013
nm4666238,Miles Sprocket,\N,\N,"cinematographer,camera_department","tt0193570,tt2149206,tt0190131,tt3533510"
nm4666274,Rienlau Asperiof,\N,\N,writer,"tt0190131,tt0193570"
nm4668509,Lynn Lobban,\N,\N,actor,"tt0186683,tt2056731,tt5530258"
nm4682815,Kwok-Yan Ng,\N,\N,composer,"tt0113245,tt0182965"
nm4682844,Hao-hua Huang,\N,\N,writer,tt0182965
nm4682911,Fletcher Poon,\N,\N,cinematographer,"tt6027070,tt0185488,tt0182965"
nm4695374,Big John,\N,\N,cinematographer,tt0189730
nm4697265,Cesur Barut,1938,1990,"actor,producer,writer","tt5568214,tt0492345,tt14728936,tt0489641"
nm4702460,Jeffrey Dixon,\N,\N,actor,tt0191940
nm4702477,Ijeoma Iloputaife,\N,\N,actress,tt0184847
nm4702533,Nashay Brady,\N,\N,actress,tt0185031
nm4702857,Evlynne Braithwaite,\N,\N,actress,tt0184847
nm4703157,Patricia Bentley King,\N,\N,actress,tt0185031
nm4703325,Ella 'Sumi' Nelson,\N,\N,actress,tt0185031
nm4703561,Michael Friend,\N,\N,actor,tt0184847
nm4704872,Quinta Seward,\N,\N,"actress,cinematographer","tt0184371,tt2075156"
nm4705565,Shinju Sano,1965,\N,"actor,director,producer","tt0156214,tt1144411,tt2075333,tt0224594"
nm4705771,Yuichi Komine,\N,\N,actor,"tt0185078,tt2075358,tt0185792"
nm4710991,Robert Runcie,1921,2000,,"tt4967596,tt0262955,tt0165064,tt0199257"
nm4711340,Cecilia Vega,\N,\N,actress,"tt0072506,tt9793686,tt1837576,tt5839204"
nm4714323,Boris Doroslovacki,\N,\N,cinematographer,tt0187836
nm4714727,Rubén Saavedra,\N,\N,actor,"tt0187836,tt0184922"
nm4719438,Mehmet Tekirdag,1956,\N,"writer,assistant_director","tt0253959,tt8101298,tt0190356,tt6644076"
nm4719481,Sebnem Doqruer Tacal,\N,\N,actress,"tt0190356,tt5803460"
nm4721921,G. Spot Run,\N,\N,writer,tt0187742
nm4728051,Jung-Keun Lee,\N,\N,writer,"tt0199990,tt0187071"
nm4728511,Chun-ji Choe,\N,\N,producer,"tt5616390,tt0187071,tt20218488"
nm4731767,Yueh-Hai Li,\N,\N,"producer,production_manager,miscellaneous","tt0192619,tt0185541,tt0082482,tt0198658"
nm4736401,Po-Yuan Chen,\N,\N,"producer,actor","tt0201093,tt2885360,tt0201099,tt0188782"
nm4737377,Petros Kioses,\N,\N,"camera_department,actor,producer","tt15127768,tt3203538,tt6858354,tt2091991"
nm4747642,Chi-Kuang Chen,\N,\N,actor,tt0182664
nm4748444,Chia Chu,\N,\N,"actor,script_department","tt0076168,tt0078243,tt0205170,tt0083062"
nm4749430,Vojdan Cernodrinski,\N,\N,writer,"tt0179957,tt2097885"
nm4749448,Ling Yu,\N,\N,writer,"tt2097946,tt0183576,tt0338892"
nm4751066,Wen-Hsiung Lin,\N,\N,"miscellaneous,producer","tt2022451,tt0121227,tt0191977,tt14671080"
nm4758715,Arturo Pillado Mathew,\N,\N,writer,tt0187483
nm4763267,Salim Resulovic,\N,\N,"production_manager,producer","tt0180182,tt0043776,tt0881302,tt0183478"
nm4769506,Satomi Hosono,\N,\N,actress,tt0186592
nm4778722,Marie-Claude Rouchy,\N,\N,"editor,editorial_department","tt0087287,tt0193023"
nm4783802,Hsiang-Yun Chiao,\N,\N,"miscellaneous,writer","tt0099806,tt0186713,tt7514468"
nm4788213,Pasi Eskelinen,\N,\N,"actor,music_department","tt0127591,tt0188369,tt0120872"
nm4788221,Pekka Laakso,\N,\N,actor,"tt0188369,tt14846026"
nm4800566,Geneviève Kolinski,\N,\N,actress,tt0178948
nm4800568,Bobo Pani,\N,\N,actor,tt0178948
nm4801043,Henri Mahé,\N,\N,actor,tt0178948
nm4801122,Franck Timesuk,\N,\N,cinematographer,tt0178948
nm4807649,Julie Tolentino,\N,\N,"director,actress,writer","tt2024402,tt0180730,tt8315926"
nm4814133,Albert Assayag,\N,\N,"soundtrack,composer,actor","tt0230160,tt0280674,tt0463352,tt0202614"
nm4816531,Chris Hewitt,\N,\N,,"tt0192897,tt2597602,tt3189642,tt3792876"
nm4825539,Fai-Fai Chau,\N,\N,"actor,music_department","tt0349511,tt0187962,tt5821792,tt0205137"
nm4827416,Wai-Sum Cheung,\N,\N,actor,tt0187962
nm4827646,Min-Sang Lee,\N,\N,editor,"tt0187932,tt0187962"
nm4827855,Jia-Mu Huang,\N,\N,writer,tt0185619
nm4828749,Yibai Zhou,\N,\N,writer,"tt0191827,tt2153821,tt0192770,tt2154019"
nm4833433,Vasco Campos,\N,\N,actor,"tt1940835,tt1110228,tt0179013,tt1233509"
nm4835567,Shengrong Wang,\N,\N,writer,tt0182826
nm4836338,Jinglebell,\N,\N,composer,tt0179524
nm4837065,Gül Eren,\N,\N,actress,"tt5547292,tt8839154,tt0488938,tt0183272"
nm4841797,Jason Clark,\N,\N,actor,tt0191121
nm4847649,Julie Cohen,\N,\N,producer,"tt0102109,tt0115109,tt10962368,tt0179101"
nm4859339,Robin Duff,\N,\N,,tt0184733
nm4860396,Sergei Fedorov,\N,\N,"actor,stunts","tt2182181,tt0189468"
nm4875087,Leslie Bender,\N,\N,"editor,miscellaneous","tt0202206,tt1194578,tt1980954"
nm4885106,Victoria Bierschbach,\N,\N,actress,tt0188427
nm4886556,Renata Schussheim,\N,\N,"director,costume_designer","tt0193029,tt1974283"
nm4887019,Miguel Abuelo,\N,1988,"soundtrack,music_department","tt4073582,tt5350974,tt11241306,tt1570383"
nm4889325,Harriett W. Elliott,\N,\N,writer,tt0185550
nm4889494,Elinor Morgenthau,1892,1949,writer,tt0185550
nm4889842,Philip Lewis,\N,\N,writer,tt0185550
nm4893270,Wan-Hua Pi,\N,\N,producer,tt0186109
nm4893940,Lung Wei,\N,\N,actor,"tt0186109,tt0200400"
nm4894023,Lu-Fen Tseng,\N,\N,producer,tt0186109
nm4895601,Mauricio Odremán,1926,2004,"writer,director,actor","tt2235499,tt0186502,tt0065868,tt10855596"
nm4898966,Al Smith,\N,\N,"producer,executive","tt3890408,tt7969746,tt0190941,tt0483826"
nm4901034,Brandon Correa,\N,\N,actor,"tt2004271,tt0189164"
nm4908481,Mardy Murie,\N,\N,,tt0188050
nm4909727,Erhan Abir,1945,2016,actor,"tt3251764,tt6299098,tt5566708,tt14617784"
nm4912926,Jan Johnstone,\N,\N,miscellaneous,"tt2241561,tt0191719"
nm4912963,Hung Kong,\N,\N,actress,tt0184443
nm4913711,Ginette Bergeron,\N,\N,"actress,production_manager","tt2256767,tt10933616,tt0181561"
nm4917341,Ali Ceylan,\N,\N,actor,"tt2261451,tt5547590,tt8472664,tt14696858"
nm4917765,Mike Walsh,\N,\N,miscellaneous,"tt0181269,tt2230599"
nm4919794,Sandor Setalo,1961,2021,"editor,director,writer","tt0192249,tt2718926,tt2185954"
nm4921711,Jessie Espiritu,\N,\N,producer,tt0188905
nm4928752,Chin-Chi Lin,\N,\N,"producer,music_department","tt11137388,tt0186638,tt1110269"
nm4930670,Susan Gaines,\N,\N,actress,"tt7122758,tt0191973"
nm4933573,Taboada-Puppo,\N,\N,composer,tt0179468
nm4935422,Sui Generis,\N,\N,"soundtrack,composer","tt0115773,tt0265436,tt7077616,tt0341193"
nm4936223,Kung-Yee Fan,\N,\N,"producer,editor","tt0185690,tt7216062,tt3737168,tt3948362"
nm4937397,Mario Ferré,\N,\N,composer,tt0191249
nm4940259,J.L. Humphrey,\N,\N,cinematographer,"tt2751416,tt2290121,tt2582476,tt0180306"
nm4945842,Kai-Wing Ho,\N,\N,producer,"tt0059400,tt0193642,tt0814085,tt2299609"
nm4947958,C.L. Solomon,\N,\N,"director,actor,writer",tt0181340
nm4954155,Alain Louis,\N,\N,writer,tt0192778
nm4954418,Kyösti Räsänen,\N,\N,cinematographer,tt0183965
nm4954430,Tamás Sofor,\N,\N,"cinematographer,location_management","tt1733285,tt0183965"
nm4955569,Ami Hamburger,\N,\N,cinematographer,tt0183965
nm4955787,Seppo Tamski,\N,\N,cinematographer,tt0183965
nm4964558,Sen Utsumi,\N,\N,actor,tt0182619
nm4964582,Makoto Takatou,\N,\N,actor,tt0182619
nm4964601,Ai Nogawa,\N,\N,actress,"tt0078567,tt0182619"
nm4970168,Genevieve Gagnon,\N,\N,"actress,stunts,producer","tt0218800,tt0352332,tt0160009"
nm4981536,Piero Faconti,\N,\N,actor,tt0193402
nm4981553,Mary Valente,\N,\N,actress,"tt10687256,tt0193402"
nm4990952,Ma Ho,\N,\N,"actor,stunts","tt0380069,tt0185671,tt2343715,tt0369887"
nm4992427,Izuru Abe,\N,\N,actor,tt0185170
nm4993792,Nigel Adey,\N,\N,,tt0181589
nm4994268,Rosemary Gibb,\N,\N,,tt0181589
nm4994570,Masaaki Itô,\N,\N,"producer,production_designer","tt0330307,tt12069732,tt3143130,tt0190818"
nm4994712,Richard De Velasco,\N,\N,,tt0181589
nm4998517,Alyson Stover,\N,\N,actress,"tt7983588,tt7365596,tt9620292,tt7218564"
nm5010529,Rom Dohmae,\N,\N,writer,tt0186558
nm5011388,Lum Ooyama,\N,\N,writer,tt0186558
nm5011481,Turbo Ohta,\N,\N,"director,actor","tt0186558,tt12494574"
nm5011570,Alen Milicevic-Milo,\N,\N,actor,"tt0191740,tt0879688,tt0203246,tt0829471"
nm5021587,Masayasu Ôebara,\N,\N,writer,"tt0424687,tt0192224,tt2382620,tt2290678"
nm5033055,Shin Takada,\N,\N,composer,"tt8283534,tt0203992,tt0288221,tt0227848"
nm5035018,Bean Ailein,\N,\N,,tt0190130
nm5035120,Satoshi Tianjin,\N,\N,actor,"tt0189089,tt0065116"
nm5035343,Somhaisle Mac 'Ille Mhoire,\N,\N,,tt0190130
nm5035894,Ian Mac Néill Ghiolais,\N,\N,,tt0190130
nm5038875,Glen Watanabe,\N,\N,actor,tt0185841
nm5038956,Harold Ramos,\N,\N,director,tt0185841
nm5039403,Traci True,\N,\N,actress,tt0185841
nm5039935,Sally Close,\N,\N,actress,tt0185841
nm5040488,Lauren Simonson,\N,\N,actress,tt0185841
nm5048733,Matthieu Regnault,\N,\N,composer,tt0191246
nm5050340,Michiharu Hasutani,\N,\N,composer,tt0186562
nm5082495,Zhengsheng Gao,\N,\N,actor,tt0185776
nm5082548,Bomou Chen,\N,\N,actor,tt0185776
nm5094242,Xavier Revenaz,\N,\N,producer,"tt0196402,tt0185531,tt0201370"
nm5124426,J. Vaughn,\N,\N,writer,tt0191528
nm5132481,Charlie Albone,\N,\N,,"tt0185790,tt0434676,tt6398706,tt2238348"
nm5137445,Wai-Keung San,\N,\N,actor,"tt0107906,tt0184621,tt0103890"
nm5137667,Maurice Bacon,\N,\N,"actor,music_department,producer","tt0327082,tt0179171"
nm5151553,Elizabeta Gjorevska,\N,\N,actress,tt0187148
nm5155958,Maude Adams,1872,1953,,\N
nm5158232,Jang-Wing Hui,\N,\N,actor,tt0184488
nm5165275,Masahiro Fukuzawa,\N,\N,"composer,sound_department","tt2936400,tt3041542,tt0181016,tt23941764"
nm5165622,Takayuki Ishikawa,\N,\N,"composer,sound_department","tt14376240,tt0181016,tt15116878,tt5809378"
nm5170848,Ramazan Ali,\N,\N,actor,tt0182791
nm5171147,Chris Aoki,\N,\N,actress,tt0184639
nm5171385,Masatoshi Igarashi,\N,\N,actor,tt0184639
nm5177436,Ngan-Ting Cheung,\N,\N,director,tt0183210
nm5177472,Joey Francis,\N,\N,"producer,cinematographer","tt0145211,tt0179689"
nm5177673,Script Team Kam-Bo,\N,\N,writer,tt0183210
nm5177700,Vincent Hon-Ban Cheung,\N,\N,actor,"tt2165489,tt4161596,tt0115983,tt4205214"
nm5196536,Wen-Chung Sung,\N,\N,writer,"tt0186107,tt2320346"
nm5196570,Hsin-Ming Huang,\N,\N,"miscellaneous,production_manager,producer","tt0186091,tt1874710,tt4966572,tt27759176"
nm5202095,Daniel Bossin,\N,\N,actor,tt0180968
nm5207977,Olga Vlatkovic,\N,\N,"producer,actress,miscellaneous","tt0343285,tt0192652,tt0299170,tt14895146"
nm5208593,Kristofer Kent,\N,\N,actor,tt0179585
nm5214212,Paula Cronan,\N,\N,"actress,cinematographer",tt0180997
nm5214229,Zoie Strauss,\N,\N,actress,tt0180997
nm5215472,Au Mak,\N,\N,writer,tt0185253
nm5218563,Hiroyuki Okano,\N,\N,"stunts,actor","tt0184116,tt13339430,tt1985904,tt1682376"
nm5218926,Seiji Ishikawa,\N,\N,"producer,miscellaneous","tt0184973,tt0459080"
nm5232434,Yiu Ting,\N,\N,producer,tt0193206
nm5232463,Tai-Suk Chin,\N,\N,"actor,director,writer","tt3392462,tt0193206,tt3409854,tt3429156"
nm5232465,Chi-Chung Wan,\N,\N,"actor,composer,music_department","tt0193178,tt2816570,tt3284640,tt0193206"
nm5232476,Ban-Kiu Cheng,\N,\N,writer,tt0193206
nm5232480,Kai Lee,\N,\N,"actor,director,writer","tt3409854,tt0193206,tt3392462,tt3429156"
nm5239683,Thomas Buomberger,\N,\N,"director,writer","tt1126207,tt8664004,tt0133302,tt2227394"
nm5242326,Mirko Beokovic,\N,\N,producer,tt0181007
nm5249335,Jack Sankeydoty,\N,\N,actor,tt0191066
nm5249357,Richard Banks,\N,\N,"writer,producer",tt0191066
nm5249396,White Parker,\N,\N,actor,tt0191066
nm5249456,Esther LeBarre,\N,\N,actress,tt0191066
nm5249470,Hunting Horse,\N,\N,actor,tt0191066
nm5249791,Jun Takahashi,\N,\N,actor,"tt0227071,tt0183380,tt0227072,tt0220648"
nm5250291,Hiroshi Fujino,\N,\N,actor,"tt2374554,tt0286232,tt0285646,tt0183380"
nm5250792,Muffy Morgan,\N,\N,actress,tt0181391
nm5257551,Aziz Dikdik,\N,\N,"editor,sound_department","tt0183591,tt2380048,tt22074662,tt5610622"
nm5261872,Colette Fist,\N,\N,actress,"tt0180179,tt16972278,tt16101950,tt3859512"
nm5264089,Tom Villa,\N,\N,"actor,writer","tt6206160,tt27128451,tt4787478,tt8923444"
nm5280817,Supansa Nuengpirom,\N,\N,actress,"tt0188769,tt3263046,tt21332448,tt7840310"
nm5285394,Timothy Zahn,1951,\N,writer,"tt15366688,tt27191455,tt0303885,tt27031278"
nm5302582,Xiaosi Du,\N,\N,cinematographer,"tt0184433,tt13932406"
nm5309331,Tracy Dione,\N,\N,actress,tt0190686
nm5314996,Rob Hansen,\N,\N,production_designer,tt0190522
nm5325320,Gabri Christa,\N,\N,"producer,director,writer","tt17047732,tt2481084,tt3715056,tt17047128"
nm5334858,Susanna Unchizer,\N,\N,writer,tt0188954
nm5342504,Shu Chen,\N,\N,actor,tt0183576
nm5349712,Albert Bausil,\N,\N,writer,tt0187181
nm5351480,Recep Pala,\N,\N,"editorial_department,editor,miscellaneous","tt6605414,tt0182755,tt0277601,tt21860096"
nm5353086,Yoshikazu Yamada,\N,\N,actor,"tt0185071,tt0156214,tt0182594,tt2498010"
nm5357320,Ivica Dolenc,\N,\N,actor,tt0192643
nm5358048,Christopher G. Knight,\N,\N,"director,cinematographer,camera_department","tt2715994,tt7320324,tt0188484"
nm5367476,Kiyotaka Furukawa,\N,\N,actor,tt0189267
nm5372876,K. Kinugasa,\N,\N,writer,"tt3059488,tt0185960"
nm5374346,Mike Smith,\N,\N,composer,tt0189807
nm5377456,Henry Vulpin,\N,\N,writer,tt0190812
nm5391443,Jackie Turnbull,\N,\N,actor,"tt0180306,tt2582476,tt2545036"
nm5392331,Carlos Ulanovsky,\N,\N,writer,"tt0190445,tt14021282,tt3000472,tt2552252"
nm5392679,Makoto Usami,\N,\N,actor,tt0186152
nm5402838,Tamotsu Sugisaki,\N,\N,producer,"tt4785262,tt4785248,tt0183775,tt4785272"
nm5402898,Kuoji Sekiguchi,\N,\N,producer,tt0183775
nm5404625,Bobbie Hall,\N,\N,"producer,casting_department,actress","tt3953642,tt0191817,tt19035602,tt0077186"
nm5421734,Herbert May,\N,\N,"actor,miscellaneous","tt0179620,tt0039232,tt0175406"
nm5422711,Dan Hill,\N,\N,"composer,music_department,actor","tt0183817,tt3774736,tt0367031,tt2576736"
nm5437095,Romali Perihan,1942,2016,actress,"tt0183336,tt0491992,tt8507350,tt0304159"
nm5439223,Heather Epper Murray,\N,\N,"stunts,actress","tt0186756,tt0285331,tt0204946,tt0108757"
nm5440023,Matt,\N,\N,"camera_department,cinematographer","tt0182044,tt8187628,tt0476455,tt2229146"
nm5451006,Marvin Washington,\N,\N,editor,tt0193015
nm5451610,Harold Harris,\N,\N,composer,tt0193015
nm5451720,Joseph L. Turner,\N,\N,"actor,writer",tt0193015
nm5454663,Ryô Yamamoto,\N,\N,actor,"tt0120408,tt0184159"
nm5458444,Alison Piotrowski,\N,\N,,tt0190177
nm5466211,Possi Pho,1986,\N,actress,"tt1122615,tt2475066,tt0184927,tt1355236"
nm5471770,Biggy Mondi,\N,\N,actress,"tt13717830,tt16972258,tt16103380,tt19072718"
nm5475559,Takaya Ogawa,\N,\N,"production_designer,producer","tt5111850,tt2674296,tt5111852,tt0055188"
nm5481546,Aruna Joglekar,\N,\N,"writer,director,actor","tt22564776,tt2638702,tt27996026,tt14224914"
nm5487236,Bozo Glinski,\N,\N,cinematographer,"tt0218280,tt0182128,tt0268298"
nm5487397,Michelle Cohn-Bendit,\N,\N,actress,"tt0268298,tt0182128"
nm5488296,Chi-Chai Yang,\N,\N,"producer,miscellaneous","tt0187238,tt0198631"
nm5494451,Vicky Principal,\N,\N,actress,tt0183360
nm5495181,Marian Dobson,\N,\N,writer,"tt0184914,tt0139253"
nm5510369,Arthur Small,\N,\N,"producer,writer","tt0189339,tt23554882"
nm5511233,Yasuyuki Saga,\N,\N,writer,tt0190703
nm5513009,Richard Bouchard,\N,\N,"actor,miscellaneous","tt4393620,tt4078976,tt2496400,tt4393538"
nm5514639,Alessandro Venturoli,\N,\N,writer,tt0189021
nm5516849,Mohamed Mansy Qandel,\N,\N,writer,tt0184235
nm5518885,Mark Wayne,\N,\N,composer,tt0180177
nm5523986,Te-Chien Chang,\N,\N,"cinematographer,camera_department","tt0187497,tt0201999"
nm5525790,Ke-Chi Choi,\N,\N,writer,tt0184054
nm5525816,Cheung-Mo Tang,\N,\N,writer,tt0184054
nm5548243,Björn Tjärnberg,\N,\N,"cinematographer,editor,director","tt5532068,tt11872780,tt11078564,tt6395198"
nm5564474,Stephanie Rosen-hua,\N,\N,writer,"tt2153935,tt0192239"
nm5571700,Nurettin Irisen,1946,\N,"assistant_director,writer,actor","tt8839440,tt0183510,tt0184052,tt0182755"
nm5575712,Delio Chittò,\N,\N,actor,"tt0186762,tt10682272,tt0297569,tt0195153"
nm5576591,Teruo Fujinaga,\N,\N,actor,"tt0292957,tt0075441,tt0082601,tt0187080"
nm5599963,James Lehmann,\N,\N,actor,"tt0184470,tt0149546"
nm5600230,Dongming Shi,\N,\N,"producer,miscellaneous","tt0851515,tt8690024,tt0342697,tt1155076"
nm5607517,Zesar Solodar,\N,\N,writer,tt0190891
nm5607606,Vladimir Goldfeld,\N,\N,writer,tt0190891
nm5609427,Liliana Mavris,\N,\N,actress,tt0187845
nm5610434,Chin-Chi Li,\N,\N,producer,tt0185614
nm5610521,Cheng-Hui Fu,\N,\N,writer,"tt2823786,tt10947626,tt1257564,tt0185614"
nm5617640,Satoshi Furukawa,\N,\N,actor,"tt0185116,tt2830186,tt0185115,tt3557920"
nm5617724,Namio Miura,\N,\N,producer,"tt0359536,tt2830186,tt0188885"
nm5622042,Billy Counes,\N,\N,actor,tt0194712
nm5623164,Zdenek Svehla,1924,2014,"soundtrack,actor","tt0188186,tt5809150,tt1961438,tt1958961"
nm5623183,Milada Subrtová,1924,2011,"actress,soundtrack","tt0172291,tt0188186,tt0409681,tt0235722"
nm5628260,Charles R. Drew,\N,\N,,tt0184775
nm5628969,Reed Kidd,\N,\N,"editor,sound_department",tt0180503
nm5631520,Ismet Sahinbas,\N,\N,actor,tt0183731
nm5632294,Emre Demirer,\N,\N,actor,tt0183731
nm5636341,Sunshine,\N,\N,actress,"tt12524654,tt0294653,tt0182827"
nm5641023,Rodion Gazmanov,\N,\N,actor,"tt0189944,tt23835220,tt26670892,tt4898044"
nm5646096,Ping Chang,\N,\N,actress,"tt0205345,tt1427284,tt0349656,tt0205820"
nm5655028,Ah-Lei,\N,\N,actor,"tt1361529,tt0186104,tt2885360"
nm5660111,Keith Black,\N,\N,"producer,miscellaneous,editor","tt2916482,tt23018588,tt5843300,tt23018628"
nm5673669,Francesc S. Pascal,\N,\N,actor,tt0184084
nm5673672,Josep Ribal,\N,\N,actor,tt0184084
nm5673682,Xavi,\N,\N,actor,tt0184084
nm5673707,La Troupe del Vallès Occidental,\N,\N,actor,tt0183662
nm5675376,Michael Golden,\N,\N,"miscellaneous,writer","tt1546413,tt0185960,tt0185793,tt4031218"
nm5675449,Jillian Mele,\N,\N,"writer,producer","tt5832098,tt6280462,tt0185800,tt1631206"
nm5707237,Roman Cílek,\N,\N,writer,"tt4538820,tt0183994,tt2953762"
nm5714210,Hugh Wambly,\N,\N,composer,"tt0182160,tt0183175,tt0190779"
nm5718923,Ka-Kit Leung,\N,\N,"writer,actor","tt0440206,tt4161596,tt0188766"
nm5722970,San-Wing Law,\N,\N,"composer,actor","tt0133080,tt2973486,tt0179064"
nm5725208,Sabrine El Hossamy,\N,\N,"actor,music_department","tt0184235,tt2527050"
nm5735174,Hsue-Lin Cheng,\N,\N,actor,"tt6512158,tt0185520,tt0097620"
nm5756326,Cathy Hurley,\N,\N,"actress,producer","tt0189512,tt2461342"
nm5758895,Tim McLaughlan,\N,\N,"director,actor,composer","tt3008634,tt0092904,tt0189512"
nm5760139,Butterscotch,\N,\N,actress,"tt0182827,tt3488088"
nm5767752,Ana Carolina Medina,\N,\N,writer,tt0179731
nm5780326,Fabiola Nogueira,\N,\N,actress,"tt0300609,tt0191830"
nm5781912,Hiroshi Arima,\N,\N,actor,"tt0186403,tt0198554"
nm5783017,Joseph Paul,\N,\N,editor,tt0189358
nm5785427,Yi-Peng Chang,\N,\N,actor,"tt5304068,tt0201135,tt0187033,tt0165750"
nm5789465,Lydell Cannon,\N,\N,,"tt3040954,tt0191737"
nm5789466,Ashley Dugan,\N,\N,,"tt3040954,tt0191737"
nm5789469,Lance Peer,\N,\N,,"tt3040954,tt0191737"
nm5789470,Akeia Neves,\N,\N,,"tt0191737,tt3040954"
nm5815791,Vadim Distler,\N,\N,writer,tt0189945
nm5820374,Sidonia Caracas,\N,\N,producer,tt0179464
nm5833371,Yoshihide Gotô,\N,\N,actor,"tt0182604,tt0156214,tt0064296"
nm5847213,Yoshinari Matsubara,\N,\N,writer,"tt0183016,tt0325440"
nm5850813,Gil Edgeley,\N,\N,"actress,editor,producer","tt0133302,tt8888184,tt7137358,tt3682332"
nm5852943,Elton Gibbs,\N,\N,actor,tt0187992
nm5852944,Max Hill,\N,\N,actor,tt0187992
nm5852945,Jack Fox,\N,\N,actor,tt0187992
nm5852946,Ruby Clay,\N,\N,actor,tt0187992
nm5853345,Bogdan Chitulescu,\N,\N,actor,"tt0264671,tt0180344"
nm5860004,Siu-Yu Liu,\N,\N,"producer,art_director,miscellaneous","tt0368558,tt0369716,tt0186652,tt0185001"
nm5861199,Blanche Marvin,\N,\N,producer,tt0186160
nm5871184,Kishin Relwani,\N,\N,actor,tt0191594
nm5872431,Emmanuel Ayl,\N,\N,actor,tt0188427
nm5872450,Nel Angeles,\N,\N,actor,tt0188427
nm5872460,Jerry Bradford,\N,\N,actor,tt0188427
nm5880666,Ben-Tien Liao,\N,\N,cinematographer,"tt0186280,tt3124694"
nm5913552,Tik-Fan Lee,\N,\N,"writer,producer,director","tt0187935,tt0187945,tt0188292,tt3349428"
nm5913641,Yan Lee,\N,\N,actor,"tt0187935,tt0087522"
nm5914065,Christoph Gutknecht,\N,\N,,tt0180657
nm5914234,Emily Evans,\N,\N,"miscellaneous,producer,director","tt8544248,tt25556304,tt0197165,tt22025852"
nm5932160,Chau Heung,\N,\N,editor,"tt0245738,tt0193181"
nm5937226,Jianqiu Chen,\N,\N,writer,tt0184625
nm5939773,Peter Starr,\N,\N,"director,producer,soundtrack","tt0181045,tt15132984,tt3180172"
nm5949758,Vic Hercules,\N,\N,actor,tt0181436
nm5949759,Sally Now,\N,\N,actress,tt0181436
nm5962925,Diedre Black,\N,\N,actress,tt0180600
nm5964097,Takekazu Shigehisa,\N,\N,actor,"tt0496467,tt0182602,tt0116767,tt0176689"
nm5976289,Angela Scaglione,\N,\N,actress,"tt0182958,tt26740668"
nm5985133,San-Siu Kwong,\N,\N,"actor,producer","tt3242422,tt3421538,tt3469716,tt3454292"
nm5985223,Laurent Minassian,\N,\N,actor,tt0191019
nm5985224,Gena O'Neal,\N,\N,actress,tt0191019
nm5986027,Josef Havlicek,\N,\N,"art_department,production_designer","tt0184650,tt0295492,tt0342881,tt0396565"
nm5988249,Yi-Man Tso,\N,\N,actress,"tt3362574,tt0193638,tt0193632,tt0193098"
nm5989183,Antonescu Carabus,\N,\N,actor,"tt0047998,tt0055319,tt0062537,tt0053339"
nm5996621,Bobby Rowson,\N,\N,actor,tt0180306
nm5996629,Henry Howse,\N,\N,"cinematographer,writer","tt1672749,tt0180306,tt2290751,tt3832798"
nm5996631,Gustav Preller,1875,1943,"writer,miscellaneous",tt0180306
nm5998151,Joey Aviles,\N,\N,actor,tt0186988
nm6018106,Patrick Chanfray,\N,\N,actor,"tt14315926,tt3263044,tt3320648,tt7769530"
nm6024678,Lo Ban-Chiu,\N,\N,actor,"tt0193178,tt3269750,tt3280310,tt3405094"
nm6028912,Kam-Wu Kwong,\N,\N,"editor,miscellaneous","tt2750248,tt0248377,tt0198942,tt4793266"
nm6043510,Marcel Parus,\N,\N,"producer,writer,script_department","tt0072983,tt0125698,tt0154207,tt0072620"
nm6046870,Eve Swilling,\N,\N,writer,tt0191513
nm6047998,Paul Ross,\N,\N,,"tt11052982,tt0185598"
nm6053228,Lo Sai-Kim,\N,\N,actor,"tt3299380,tt0191893,tt3594666,tt3517410"
nm6057439,P.K. Flamingo,\N,\N,actor,tt0180845
nm6057440,Reg Green,\N,\N,actor,"tt10539134,tt0913152,tt0180845,tt0264488"
nm6057441,Cliff Marlowe,\N,\N,actor,tt0180845
nm6062497,Reetta Räty,\N,\N,actress,"tt3309322,tt4183702,tt3309648,tt0187671"
nm6078441,Chin-Fai Lee,\N,\N,actor,"tt0185450,tt3324750"
nm6083352,Tak-Man Fong,\N,\N,actor,"tt14898946,tt0189660,tt0341129"
nm6087053,Hisao Hata,\N,\N,actor,"tt0187221,tt2934992,tt3042074"
nm6101548,Anatoliy Nikitin,\N,\N,"director,actor,writer","tt0188155,tt3085952,tt0879254,tt0179331"
nm6102772,Alex Quade,\N,\N,"producer,writer,director","tt0787372,tt2327825,tt0185065,tt0470977"
nm6119331,Heather Childers,1969,\N,"writer,producer","tt0344647,tt1240986,tt13586680,tt5832098"
nm6123462,Rainey Douglas,\N,\N,actress,tt0191511
nm6126098,Mark Richards,\N,\N,director,tt0188802
nm6129290,Jambulingam,\N,\N,director,"tt0316758,tt0187333"
nm6129434,N. Dunararu Ionescu,\N,\N,writer,tt0182323
nm6135521,Ceres Doyo,\N,\N,writer,"tt12030266,tt0188569"
nm6139380,Julie Neilson,\N,\N,writer,"tt0180911,tt3391316"
nm6140728,Yin-Fei Fung,\N,\N,actor,"tt0193197,tt3401030"
nm6140729,Lo Yi-Man,\N,\N,actor,tt0193197
nm6144194,Ismail Cavci,1925,1991,actor,"tt11375656,tt0437782,tt0492022,tt0492036"
nm6148298,Jeremy Stone,\N,\N,writer,"tt0183175,tt0182160"
nm6148311,Axeman,\N,\N,editor,tt0182160
nm6148337,Ralph Gunshoe,\N,\N,"cinematographer,camera_department","tt0181417,tt0180538"
nm6148338,Annie Star,\N,\N,composer,"tt0182207,tt0181417"
nm6148339,Bob Switcher,\N,\N,editor,"tt0182207,tt0181417"
nm6160635,M.R. Vasu,\N,\N,actor,"tt11460606,tt12102844,tt3415202,tt7228978"
nm6164722,Lung Fei,\N,\N,"producer,miscellaneous","tt3415310,tt0184549"
nm6166469,Joey Clarke,\N,\N,,tt0185235
nm6168290,Padmapriya,\N,\N,actress,"tt1389533,tt1401730,tt1418205,tt3628810"
nm6172425,Marco Valerio Fusco,\N,\N,"producer,writer,miscellaneous","tt21874690,tt15304420,tt0181396,tt4037876"
nm6174389,Sreekumar,\N,\N,actor,tt0187198
nm6174390,Vijaya,\N,\N,actor,tt0187198
nm6176298,Hideki Kanazashi,\N,\N,"composer,soundtrack","tt11915660,tt0184692,tt3426124"
nm6178898,Rob Gillespie,\N,\N,producer,tt0184251
nm6179481,Kenji Yamamoto,1964,\N,"sound_department,composer,music_department","tt0319854,tt0397089,tt0349818,tt14855850"
nm6181753,J. Tamás Tóth,\N,\N,actor,tt0193383
nm6182231,Roderick McGregor Mann,\N,\N,"writer,producer",tt0183767
nm6182553,Murat Çinar,\N,\N,"editor,camera_department","tt3432048,tt27876900,tt0182994,tt5602424"
nm6186982,Elizabeth Maria,\N,\N,actress,"tt0185115,tt0187084"
nm6186995,Toru Ohita,\N,\N,actor,tt0187084
nm6208623,Lefteris Viftopoulos,\N,\N,actor,tt0186630
nm6217400,Lorenza Veronica,\N,\N,actress,"tt7122102,tt3041342,tt4759690,tt3291516"
nm6227009,Lloyd Taylor,\N,\N,writer,tt0180601
nm6228940,Mulgrew Miller,1955,2013,,"tt0179696,tt2674040"
nm6229030,The Glencorse Pipe Band,\N,\N,,tt0186298
nm6240323,Elsa Villa,\N,\N,actress,tt0181559
nm6247516,Kim Bloom,\N,\N,"actress,miscellaneous","tt0202724,tt0184752,tt0119845"
nm6260910,Ritz,\N,\N,soundtrack,"tt0446530,tt0181204,tt0353075"
nm6262905,Tomofumi Nobe,\N,\N,writer,"tt4004606,tt4127124,tt3508332,tt0188104"
nm6263299,Wu Mei-Lin,\N,\N,actor,"tt0205544,tt0193178"
nm6267074,Ivan Brajdic,\N,\N,writer,tt0184840
nm6284237,Ke-Yi Dong,\N,\N,cinematographer,"tt11439660,tt0192826,tt3526930,tt11639726"
nm6320041,Mari Sakurai,\N,\N,actress,"tt0182594,tt0202507"
nm6322609,Katsuhiko Hasegawa,\N,\N,actor,"tt0185094,tt0184168,tt3565346"
nm6328254,Rita Stanculescu,\N,\N,editor,"tt0141784,tt0184732"
nm6344189,Chih-Pao Chang,\N,\N,actor,"tt0453026,tt0186708,tt0205296,tt12842972"
nm6350082,Kate Ahmed,\N,\N,editor,tt0183488
nm6355611,Clementine Mayol,\N,\N,actress,tt0191431
nm6364967,Petr Erneker,\N,\N,actor,tt0183482
nm6364969,Václav Capek,\N,\N,actor,tt0183482
nm6366733,John Cameron,\N,\N,writer,"tt4961254,tt5042438,tt4117084,tt0187530"
nm6370484,Boris Zubov,1931,2019,actor,"tt0185537,tt5632934"
nm6378083,Roger Dubourdieu,\N,\N,writer,tt0191874
nm6390760,Scott Dodson,\N,\N,composer,tt0193177
nm6390761,Glen Gaidos,\N,\N,composer,tt0193177
nm6390762,Hugh Kelso,\N,\N,editor,tt0193177
nm6390796,Seattle Duo,\N,\N,composer,tt0193177
nm6393686,Danny Bumpus,\N,\N,actor,tt0188697
nm6406591,Chris Shrantakis,\N,\N,composer,tt0185322
nm6406592,Gerald Liebmann,\N,\N,composer,tt0185322
nm6408893,Ganzhi Yu,\N,\N,writer,"tt0207719,tt0207734,tt0205050,tt0193622"
nm6460779,Unis V. Sales,\N,\N,cinematographer,tt0181092
nm6479626,Dan Faragett,\N,\N,director,tt0183831
nm6479629,Damien Walsh,\N,\N,writer,tt0183831
nm6479630,Alfred McToy,\N,\N,writer,tt0183831
nm6489163,911,\N,\N,"soundtrack,actor","tt2033552,tt9869852,tt0413618"
nm6495377,Amber Lee,\N,\N,actress,tt0182206
nm6511253,Don Lewis,\N,\N,"composer,music_department","tt1857914,tt0180891,tt0273034"
nm6527068,Kwai-Lam Cheung,\N,\N,actor,"tt0191894,tt0206764,tt0205567,tt0193292"
nm6532465,Karunasena Jayalath,\N,\N,writer,tt0191158
nm6547344,Noah Kaplan,\N,\N,writer,tt0192512
nm6575090,Wu-Hsiung Hsieh,\N,\N,writer,tt0186638
nm6575125,Wang-Chu Lin,\N,\N,producer,"tt2022451,tt0186638"
nm6579683,Susana Sangtai,\N,\N,actress,tt0184450
nm6579684,Diana Busy,\N,\N,actress,tt0184450
nm6621973,David Saunders,\N,\N,,tt0193171
nm6624608,Rona Stam,\N,\N,actress,tt0181259
nm6625483,Carla Dura,\N,\N,actress,tt0181259
nm6625988,Mona Quintana,\N,\N,actress,"tt0305009,tt0183536"
nm6625990,Kazimierz Ertos,\N,\N,writer,tt0183536
nm6628662,Sarah Williams,\N,\N,actress,"tt0183276,tt0139319,tt0180421,tt0206019"
nm6628664,Noah Ratte,\N,\N,actor,"tt0206019,tt0183276"
nm6643027,Dustin Hawkins,\N,\N,"producer,director,cinematographer","tt13438054,tt3831636,tt8509050,tt7394564"
nm6644673,Laurie Andell,\N,\N,,tt0180879
nm6670142,Hasan Sasanpour,\N,\N,director,"tt1111947,tt0388565,tt0182881"
nm6691181,Claude Fletcher,\N,\N,actor,tt0193131
nm6700418,Doris Clark,\N,\N,,tt0190173
nm6700456,Cyril Cannell,\N,\N,,tt0190173
nm6700518,Douglas Rawson,\N,\N,,tt0190173
nm6700610,Doug Adams,\N,\N,,tt0190173
nm6700611,Jack Delahoy,\N,\N,,tt0190173
nm6700728,John Wilkinson,\N,\N,,tt0190173
nm6700789,John Wentworth,\N,\N,,tt0190173
nm6700841,Charles Spencer King,\N,\N,,tt0190173
nm6703694,Emin Alkut,\N,\N,"actor,producer","tt6616288,tt0427919,tt1691348,tt0183962"
nm6723258,Noel Scott,\N,\N,,tt0188624
nm6723259,James Samford,\N,\N,,tt0188624
nm6723283,August Roberts,\N,\N,actor,tt1982959
nm6723284,Oscar Linke,\N,\N,,tt0188624
nm6723285,Gabriella Linke,\N,\N,,tt0188624
nm6727183,Wisan Suntisucha,\N,\N,director,tt0188769
nm6734699,Yuki Mako,\N,\N,,tt0184549
nm6734700,Leung-Nuo Au,\N,\N,cinematographer,tt0184549
nm6734701,Jim,\N,\N,director,tt0184549
nm6734702,Cognac,\N,\N,writer,tt0184549
nm6751283,Charles Winward,\N,\N,actor,tt1380834
nm6779097,Jim White,\N,\N,actor,"tt0181381,tt0136037"
nm6785916,Sibel Savas,\N,\N,actress,"tt8478008,tt4053346,tt0183756,tt7622794"
nm6786277,Milovan Savic,\N,\N,actor,"tt0352867,tt0193257,tt0183814,tt4826752"
nm6786278,Ana Zivkovic,\N,\N,actress,"tt0183814,tt0352867"
nm6786279,Bojana Cvejic,\N,\N,actress,"tt0183814,tt0352867"
nm6786975,Tao Jin,\N,\N,director,"tt13108110,tt4054474,tt13434166,tt11439600"
nm6818482,Wenshen Hu,\N,\N,"composer,writer,art_director","tt2294499,tt12900046,tt10032818,tt12899844"
nm6830754,Madhukar Apte,\N,\N,actor,"tt0230402,tt0250456,tt0359634,tt1996213"
nm6840521,Philippe Zissmann,\N,\N,composer,tt0190970
nm6845009,Ferdie Pacheco,\N,\N,actor,"tt0181314,tt0120204,tt0095740"
nm6851455,Scott Cox,\N,\N,"actor,cinematographer","tt0192851,tt4128154"
nm6859314,Kurt Thomas,\N,\N,actor,tt0187670
nm6871995,Amer Salkovic,\N,\N,actor,tt0180640
nm6879326,Uwe Brinkmann,\N,\N,actor,tt0182123
nm6892496,Bo-Lam Chan,\N,\N,actress,tt0186225
nm6893986,Chia-Gou Wang,\N,\N,producer,tt0185421
nm6895426,Sherry Lanson,\N,\N,actress,tt0181179
nm6913407,Leonid Kozlov,\N,\N,"art_department,production_designer","tt0059235,tt0059832,tt0191371,tt0235294"
nm6914570,Diana,\N,\N,,tt0180493
nm6924003,Stuart McDonald,\N,\N,composer,tt0185278
nm6924906,Piero d'Inzeo,\N,\N,,"tt0181743,tt0071071"
nm6933528,Shelby Gregory,\N,\N,writer,tt0185338
nm6948557,Günter Wilding,\N,\N,"producer,production_manager","tt5369164,tt13500388,tt5684890,tt12591074"
nm6953385,Aleksandr Chirkov,\N,\N,writer,tt0188138
nm6966941,Taiki Matsuno,\N,\N,actor,tt0190376
nm6971408,José Guadalupe De Anda,\N,\N,writer,tt0180215
nm6971637,Lai Shao,\N,\N,"cinematographer,camera_department","tt0165253,tt0187988"
nm6971638,Yang-Ming Chen,\N,\N,composer,tt0187988
nm6984498,Tim Andrews,\N,\N,actor,tt0190829
nm6994625,David Singletary,\N,\N,actor,"tt11815290,tt12368998,tt2506366,tt5138866"
nm6997943,Hilliard J. Brown,\N,\N,cinematographer,tt0180879
nm7003822,J. Maia,\N,\N,writer,tt0187764
nm7003823,Luís Iglesias,\N,\N,writer,tt0187764
nm7004183,Bob Ford,\N,\N,composer,tt0188273
nm7004184,Joseph F. Horn,\N,\N,producer,tt0188273
nm7025710,Lyn Nicolson,\N,\N,producer,tt0189512
nm7028370,Adem Dilber,\N,\N,actor,"tt4324554,tt0183373"
nm7085849,Chris Quentin,\N,\N,,"tt6681836,tt0189377"
nm7086400,Shaoquan Huang,\N,\N,actor,"tt2240937,tt0190887"
nm7124304,Yarra Sunil Chowdary,\N,\N,producer,tt0186852
nm7125345,Tao Wang,\N,\N,composer,tt0183140
nm7132830,Hung Chu,\N,\N,actor,"tt0185552,tt12131266"
nm7157231,Oya Demir,1960,\N,actress,"tt11263638,tt8266682,tt6592108,tt0243217"
nm7160042,Ryô Ishihara,\N,\N,actor,"tt5330528,tt0060926,tt0065021,tt0294590"
nm7175989,Héctor Agüero Lauten,\N,\N,"composer,music_department","tt1190905,tt0190224"
nm7176236,Vida Dutton,\N,\N,actress,tt0189574
nm7196489,Takao Baba,\N,\N,,"tt0182443,tt2577856,tt4368288"
nm7205661,Ruby Foxx,\N,\N,actress,tt0188805
nm7205662,Doris Nitte,\N,\N,actress,tt0188805
nm7205663,Chuck Spear,\N,\N,actor,tt0188805
nm7207014,Hsieh Ouyang,\N,\N,actor,tt0186131
nm7212193,Tudor Negoita,\N,\N,writer,tt0179453
nm7238691,Masami Nakagami,\N,\N,actor,"tt0184168,tt0115586"
nm7241360,Isamu Ohira,\N,\N,"soundtrack,composer",tt0190428
nm7243565,Filipe Carvalho,\N,\N,actor,"tt0191161,tt0137316,tt0197448,tt0366096"
nm7262554,Kitty Cauer,\N,\N,,tt0193620
nm7271665,Ryan de Niro,\N,\N,"camera_department,cinematographer","tt0186443,tt0206248,tt0206159,tt0189748"
nm7282952,Hildegarde Hansel-Nowak,\N,\N,editor,tt0181123
nm7292892,Cândido Mariano da Silva Rondon,1865,1958,"cinematographer,producer","tt4953546,tt0312370,tt10244492"
nm7297143,Ron Hughes,\N,\N,cinematographer,tt0187993
nm7301153,Marilú Brajer,\N,\N,actress,"tt0277520,tt0191997,tt0198413,tt0301193"
nm7304241,Gus Howe,\N,\N,actor,tt0188805
nm7307360,Susana Aguero,\N,\N,actress,tt0183713
nm7311271,Michelangelo Affanoli,\N,\N,actor,tt0181418
nm7311272,Francesco Cencioni,\N,\N,actor,"tt0181271,tt0181418"
nm7324098,Arkadiy Kuleshov,1914,1978,writer,"tt5067198,tt0189641"
nm7324099,Alesh Kuchar,\N,\N,writer,"tt0313875,tt0189641,tt5032390"
nm7330504,Michael Cooper,\N,\N,cinematographer,tt0191483
nm7333616,Yu-Lung Kuan,\N,\N,actor,tt0188781
nm7345014,Andrée Tranché,\N,\N,writer,tt0190967
nm7360554,Robert de Cesse,\N,\N,writer,tt0191321
nm7365034,Joey Celerio,\N,\N,"writer,visual_effects","tt1050616,tt1984405,tt0853801,tt1389629"
nm7365600,Consuelo Franz Bassanesi,\N,\N,writer,tt0193601
nm7365613,Suzy Cato,\N,\N,actress,"tt0207858,tt14938854,tt0215442,tt22054690"
nm7365717,Paul Leclercq,\N,\N,writer,tt0193431
nm7367864,Lung Meng,\N,\N,editor,tt0193633
nm7377602,Maurice Coriem,\N,\N,writer,tt0187460
nm7393139,Lynn Allison,\N,\N,actress,tt0182504
nm7405480,Robert Wilson,\N,\N,cinematographer,tt0189959
nm7405988,Dennis Stewart,\N,\N,actor,tt0186024
nm7415305,Mark Thompson,\N,\N,"actor,miscellaneous","tt4697944,tt1667318,tt5154996,tt8165450"
nm7417303,Leisa Goddard,\N,\N,,"tt0190177,tt11697992,tt11713872,tt0824229"
nm7417358,Burt Edouards,\N,\N,actor,tt0179992
nm7419517,Chia-Feng Kan,\N,\N,actress,"tt0165264,tt0070017,tt0186092"
nm7419603,Gordon the Gopher,\N,\N,actor,"tt1318007,tt0200325,tt22264790,tt0398311"
nm7450752,Keith McNamara,\N,\N,"actor,producer","tt0167906,tt0181776"
nm7457880,Lidiya Belaya,1923,2006,actress,"tt5849988,tt4859532,tt0187612"
nm7458652,Feliks Razdyakonov,1930,2004,actor,tt0183564
nm7469313,Kerwin Young,1970,\N,"music_department,soundtrack,composer","tt13721788,tt8772296,tt13444912"
nm7473612,Robert Paul,\N,\N,writer,tt0186647
nm7477896,Isabelle Estelle Corbusier,\N,\N,actress,"tt3508050,tt0184135,tt4567314,tt0487189"
nm7479951,Ann Booth-Clibborn,\N,\N,"producer,writer,miscellaneous","tt0189251,tt21946080,tt28447415,tt4892420"
nm7535983,Ronald Britten,\N,\N,actor,tt0188930
nm7535984,Ross Warner,\N,\N,actor,tt0188930
nm7535985,Debbie Conolly,\N,\N,actress,tt0188930
nm7535986,Roly Marcosi,\N,\N,actor,tt0188930
nm7535987,Mike Refgner,\N,\N,actor,tt0188930
nm7535988,Loraine Hollywood,\N,\N,actress,tt0188930
nm7535989,Pamela Woodstock,\N,\N,actress,tt0188930
nm7538145,Ryan Nobles,1976,\N,executive,"tt0475911,tt0185054,tt0476038,tt21077460"
nm7541447,Makiko Mutô,1945,2016,actress,"tt0328208,tt0185402,tt1371000"
nm7542804,Tony Cortes,\N,\N,"actor,writer,producer","tt15222358,tt15548230,tt15287008,tt0178969"
nm7554313,Elçin Avci,1978,\N,actress,tt0182796
nm7575647,Yang Ho,\N,\N,writer,tt0191127
nm7580300,Vladimir Seleznyov,1931,2003,actor,"tt0174999,tt0173192,tt0053289,tt0188123"
nm7586389,Virgilije Nevjestic,\N,\N,"writer,production_designer","tt21329336,tt0187254"
nm7592835,Miron Bilinskiy,\N,\N,"director,writer","tt21419616,tt21433116,tt5036458,tt12381202"
nm7599671,Sholomo Keil,\N,\N,writer,tt0202206
nm7604287,Ying Li,\N,\N,actor,"tt0192522,tt0192239,tt0204944"
nm7608260,Cora Vulcanescu,\N,\N,writer,tt0187778
nm7609069,Arnold Kelman,\N,\N,actor,tt0181283
nm7622213,Aleksandra Kundryavtseva,\N,\N,actress,tt1721070
nm7629496,Harry Robinson,\N,\N,,"tt0192101,tt1802151"
nm7635974,Andrew Wallace,\N,\N,"actor,writer","tt1719837,tt0297626"
nm7652082,Oksana Bobrovich,\N,\N,actress,"tt0191375,tt1726668"
nm7661860,Keith Chan,\N,\N,writer,"tt0187976,tt1043754,tt5124488,tt5813304"
nm7663602,Aziza Alli,\N,\N,actress,tt0189163
nm7670204,Carlos Boris,\N,\N,actor,tt0188858
nm7680288,Keiko Nawa,\N,\N,actress,"tt0185829,tt0194393"
nm7694366,Suet-Ying Cheung,\N,\N,"actress,producer,production_manager","tt0193206,tt11502854,tt0205040,tt12899572"
nm7701025,Iruka Nanami,\N,\N,actress,"tt0461405,tt20596748,tt14881378,tt0186238"
nm7734269,Tracy Jones,\N,\N,actor,"tt27180809,tt0190158"
nm7744308,Svend Christensen,\N,\N,"art_department,animation_department","tt0276195,tt0382041,tt0973816,tt0433390"
nm7744608,Clayton Crooks,\N,\N,producer,tt0186263
nm7754410,Ivan Shukhov,\N,\N,writer,tt0192763
nm7755612,Renay San Miguel,\N,\N,,"tt0756524,tt0185054"
nm7755613,John Sheets,\N,\N,,tt0185054
nm7759043,Gabriel Williams,\N,\N,"actor,cinematographer,miscellaneous","tt0192630,tt5272750,tt5236660"
nm7786353,Ramachandran,\N,\N,producer,"tt0333622,tt5266002,tt0186840,tt0247009"
nm7786761,Sumio Hoshi,\N,\N,actor,"tt0182603,tt0358193"
nm7790930,Philippe Bonneau,\N,\N,actor,tt0192426
nm7794356,Frank Navarro,\N,\N,"actor,composer",tt0186390
nm7794357,Dalia Guiterrez,\N,\N,actress,"tt15574314,tt0186390"
nm7807347,June Nelson,\N,\N,"set_decorator,actress,art_director","tt0180439,tt0089356,tt0182144,tt0189675"
nm7813461,Mehmet Ali Yilmaz,\N,\N,"actor,producer","tt1601814,tt0326802,tt0182792,tt0183597"
nm7814378,Demirhan Ersunar,1941,\N,"editor,sound_department,assistant_director","tt5354230,tt0253997,tt0184756,tt0252597"
nm7815114,Jan D. Lefpa,\N,\N,writer,tt0187240
nm7817961,Ali Riza Yilmaz,\N,\N,"editor,sound_department","tt0263040,tt0431398,tt0429779,tt0431496"
nm7830593,Güler Tomurcuk,\N,\N,"actress,assistant_director","tt0183591,tt14617784,tt6443074,tt5316588"
nm7832888,Ahmet Balikçi,\N,\N,actor,"tt0200490,tt0183600,tt8478646,tt1700494"
nm7839709,Duo Chen,\N,\N,actor,"tt0192491,tt11882328,tt11905324,tt5328656"
nm7843488,Madame Gutman,\N,\N,producer,tt0188432
nm7857302,Belgin Akinvar,\N,\N,actress,tt0185858
nm7857306,Muammer Altin,\N,\N,actor,tt0185858
nm7872967,Edward D. Korvin,\N,\N,"composer,music_department,assistant_director","tt0189617,tt0189567,tt0189905,tt5338770"
nm7879300,Enzo Maiorca,1931,2016,actor,"tt11938106,tt4723216,tt5373132,tt0186536"
nm7879323,Sükrü Budan,\N,\N,actor,tt0183605
nm7879324,Fehamettin Aksakal,\N,\N,actor,tt0183605
nm7879326,Selman Cankanat,\N,\N,actor,tt0183605
nm7879846,John Clayton,\N,\N,actor,"tt0179819,tt0099738"
nm7887370,Makio Fujita,\N,\N,actor,tt0185078
nm7887371,Hiromi Imai,\N,\N,actor,"tt0185078,tt2075358"
nm7887372,Akiko Yugawa,\N,\N,actress,tt0185078
nm7913200,Sevim Özün,\N,\N,actress,"tt8523328,tt14543616,tt0182740,tt8839498"
nm7916615,Copper Penny,\N,\N,actress,tt0191540
nm7917017,Francis King,\N,\N,writer,tt1380834
nm7922028,Michio Fukushima,\N,\N,"writer,assistant_director","tt5462876,tt0186676"
nm7922740,Rajakokila,\N,\N,actress,"tt0318461,tt0255706,tt3421620,tt0279910"
nm7927133,Pierre Desir,\N,\N,cinematographer,"tt0184371,tt0223027,tt6468242,tt5468194"
nm7933004,Phil Orbanes,\N,\N,"composer,music_department",tt0188511
nm7936003,Rich Buchlloyd,\N,\N,actor,tt0179597
nm7936004,Kati Starr,\N,\N,actress,tt0179597
nm7936005,Roman Foster,\N,\N,actor,tt0179597
nm7942763,Hilario González,\N,\N,producer,tt0184334
nm7967242,Matt Orlando,\N,\N,"writer,producer,director","tt3704582,tt1817276,tt0427343,tt3647364"
nm7977640,Fernando Lecaros,\N,\N,composer,"tt0181859,tt0186342,tt0186214,tt0186039"
nm7986478,Alexis Findon,\N,\N,editor,tt0180484
nm7986479,John Broderick,\N,\N,editor,tt0180484
nm7997071,Mehmet Arikan,\N,\N,"actor,camera_department","tt0183955,tt0405410,tt0413401,tt6010936"
nm7997530,Gazi Havvas,\N,\N,actor,"tt5547264,tt0183337,tt10687522"
nm7997642,Hüsnü Çetiner,\N,\N,"producer,director","tt8333242,tt0183346,tt0183858,tt5547320"
nm7997643,Cüneyt Tari,\N,\N,actor,"tt5547336,tt6006996,tt5547320,tt8478008"
nm7997780,Deniz Hayal,\N,\N,actress,"tt5547576,tt0183050,tt5580922"
nm8001094,Jonah Koslen,\N,\N,producer,tt0182997
nm8003121,Aysun Ardinç,\N,\N,actress,tt0183861
nm8003155,Cenk Belentepe,\N,\N,editor,"tt7397558,tt12358926,tt0183600"
nm8003180,Derya Kent,\N,\N,actress,tt0183371
nm8003395,Avni Alsan,\N,\N,actor,tt0183861
nm8010268,Hank Londoner,\N,\N,"director,cinematographer,producer","tt27504675,tt0180903"
nm8013808,Luigi Zanolio,\N,\N,director,tt0179426
nm8018437,Steve Marshall,\N,\N,,tt0190177
nm8019860,James Tobin,\N,\N,,tt0185790
nm8020724,Christopher Landy,\N,\N,"camera_department,cinematographer,editor","tt0112518,tt0112626,tt0383286,tt0112418"
nm8021842,Giovanna Petocchi,\N,\N,"actress,art_department","tt0070844,tt0204916,tt0189989"
nm8028468,Christian Dauvilliers,\N,\N,actor,tt0182597
nm8029121,Barbara Slater,\N,\N,actress,tt0186768
nm8038620,Vijay Krishnaraj,\N,\N,"actor,writer,director","tt1445742,tt0187445,tt0320714,tt0234015"
nm8051416,Adam Dovile,\N,\N,,"tt0185790,tt2931524"
nm8052167,Stanley Richards,\N,\N,writer,tt0186460
nm8063754,Antoinette Light,\N,\N,writer,tt0181398
nm8089786,Mitch Coodley,\N,\N,"composer,music_department","tt0274112,tt0125026,tt0206501,tt0188257"
nm8093535,Ali Ün,\N,\N,"editor,sound_department","tt0274968,tt0278345,tt0263964,tt0183064"
nm8098240,Akinori Kikuchi,\N,\N,writer,tt0192712
nm8098241,Dar Sorrel,\N,\N,writer,tt0192712
nm8098242,P.L. Horn,\N,\N,writer,tt0192712
nm8106240,Jessie Johnson,\N,\N,,tt0188626
nm8108705,Nick Cleland,\N,\N,"actor,cinematographer,location_management","tt6383288,tt0182996,tt9827854,tt6304192"
nm8108933,Alex Atwood,\N,\N,actor,"tt0184614,tt4864850,tt3152202,tt5567424"
nm8110939,Bossie Miller,\N,\N,writer,tt0179687
nm8114103,Steve Edwards,\N,\N,actor,tt0188455
nm8114104,Sergio Escobar,\N,\N,actor,tt0188455
nm8114105,Carmine Petrillo,\N,\N,actor,tt0188455
nm8143394,Takamatsu Hidero,\N,\N,actor,tt0188775
nm8143395,Gomi Yasusuke,\N,\N,writer,tt0188775
nm8157767,Verite,\N,\N,composer,"tt0044298,tt0178965"
nm8167206,Bik-Wan Pong,\N,\N,actress,"tt0923659,tt0193181,tt0206815,tt0206129"
nm8167803,Wai Suen,\N,\N,director,"tt12651278,tt0193181"
nm8167804,Tai Chui,\N,\N,"writer,producer",tt0193181
nm8168470,Abby Hornacek,1994,\N,,"tt19064760,tt6280462,tt6878296,tt0185800"
nm8170216,Hellmuth Löffler,1910,1984,"composer,actor,music_department","tt0186043,tt0354211,tt0062679"
nm8183169,Greg Henry,\N,\N,editor,tt0189009
nm8192980,Bobby Butler,\N,\N,,tt0188626
nm8194227,Chun-Wai Pang,\N,\N,cinematographer,"tt1447779,tt0184841,tt15214914,tt5782224"
nm8205460,Mieke Blischke,\N,\N,actress,tt0187976
nm8219035,Ernesto Gonzalez,\N,\N,actor,tt0180626
nm8219037,Rae Ferguson,\N,\N,actress,tt0180626
nm8219041,Cesar Gonzalez,\N,\N,actor,tt0180626
nm8219044,Jo Tavener,\N,\N,"writer,casting_director,editor","tt0072153,tt0180626,tt11104096"
nm8219051,Henry H. Roth,\N,\N,writer,tt0180626
nm8229005,Jacques Ferron,1921,1985,writer,"tt11332848,tt4236344,tt10928752,tt0183897"
nm8242929,Andrea Cupelli,\N,\N,actor,"tt0191791,tt18435660"
nm8244740,Katie Hemmeter,\N,\N,actress,tt0180451
nm8251637,Jeannette Eyerly,\N,2008,writer,tt0202179
nm8252618,Hassiba Boulmerka,\N,\N,,"tt0397127,tt0185456"
nm8262090,Dorita y Pepe,\N,\N,music_department,"tt3205940,tt9820194,tt0446838,tt0379079"
nm8264089,Linda Scheleski,\N,\N,,"tt0190934,tt0293702"
nm8264212,Rostislav Boyko,\N,\N,composer,"tt0184815,tt5858592"
nm8266957,Hatsuotoko Sanya,\N,\N,actress,"tt6095106,tt0190818"
nm8266958,Fumio Okui,\N,\N,composer,tt0190818
nm8271462,Ann Robin,\N,\N,"director,producer",tt0180479
nm8271554,Patty Dixon,\N,\N,actress,tt0180479
nm8276498,Yeong-Geol Choe,\N,\N,cinematographer,tt0186102
nm8276499,Atang Latief,\N,\N,producer,tt0186102
nm8289408,Chuck Niles,\N,\N,actor,tt0190265
nm8297038,Kiran Mehra,\N,\N,producer,"tt0187109,tt11470288"
nm8306577,Christine Chabenet,\N,\N,actress,tt0192736
nm8306578,Christine Calcus,\N,\N,actress,tt0192736
nm8310060,Patricia Hott,\N,\N,actress,"tt0392880,tt0408893,tt0190857,tt0300156"
nm8369767,Brenda Burke,\N,\N,actress,"tt0833947,tt0190209"
nm8384526,Benjamin Tranié,\N,\N,"actor,writer","tt7972012,tt9756062,tt13669344,tt22397880"
nm8400556,Umberto Checco,\N,\N,actor,tt0179895
nm8404168,Mei Lo,\N,\N,actress,tt0188764
nm8405002,Fred Baker,\N,\N,,tt0180946
nm8410951,Chi-Chung Cheung,\N,\N,actor,tt0184044
nm8419666,Shizue Miyamoto,\N,\N,producer,tt0186387
nm8424987,Bairbre Bolustrum,\N,\N,actress,tt0191864
nm8425003,Seosamh O'Cuaig,\N,\N,writer,tt0191864
nm8425004,Mairtín Mac Donncha,\N,\N,writer,tt0191864
nm8436570,Shanna Thomas,\N,\N,actress,tt0191010
nm8443720,Monique Perri,\N,\N,actress,"tt0145185,tt0161571,tt0161947,tt0179335"
nm8447170,Mary Rezyka,\N,\N,production_designer,tt0182660
nm8471448,Heather Loren Bornfield,\N,\N,actress,tt0184614
nm8499674,Chunbao Wei,\N,\N,"editor,editorial_department","tt0189219,tt6758640,tt6619988,tt6136258"
nm8502675,Dave Stewart,\N,\N,composer,"tt6140128,tt0179171"
nm8526346,Nikola Jankovic,\N,\N,"writer,director","tt0250678,tt0180328,tt0250693"
nm8531550,Ertan Aydin,\N,\N,actor,tt0179274
nm8534839,Svetislav Peric,\N,\N,producer,tt0181111
nm8547657,Steve Calafer,\N,\N,producer,tt0188913
nm8548872,Peter Morrissey,\N,\N,editor,"tt21802948,tt0185059"
nm8550961,Reijo Pasanen,\N,\N,actor,"tt7415836,tt0183215,tt6205218"
nm8564173,Nino Ricce,\N,\N,composer,"tt0326558,tt0192393"
nm8573917,Aleksandr Kotov,1913,1981,"writer,actor","tt0193003,tt2566578,tt0382724"
nm8578478,Eric Taylor,\N,\N,"director,producer,assistant_director","tt0374450,tt0094574,tt2678560,tt0423716"
nm8581937,Delores Browne,\N,\N,,"tt6245710,tt0184123"
nm8589977,Butch Perez,\N,\N,"director,writer,actor","tt0186192,tt0318466,tt0437200,tt0185905"
nm8610908,Romeo Yusupov,\N,\N,"actor,director,writer","tt19368628,tt6238604,tt7967668,tt15090610"
nm8611281,Peggy Ann Lloyd,\N,\N,actress,tt0190546
nm8611282,Kali Rima McGurk,\N,\N,actress,tt0190546
nm8611283,Kevin Hart,\N,\N,actor,tt0190546
nm8613925,Biao Liu,\N,\N,cinematographer,"tt6286308,tt18602902,tt0186709"
nm8615715,Wu Xiang,\N,\N,"producer,director","tt0192491,tt6288868"
nm8626035,Yasuo Nakayama,\N,\N,writer,tt0185191
nm8637058,Reid Butler,\N,\N,,tt0190177
nm8647447,Jo Brami,\N,\N,"actor,writer","tt6648444,tt6342504,tt6340058,tt5600326"
nm8649113,Katz,\N,\N,editor,"tt0415877,tt0282698,tt0183171"
nm8650808,Pierre Geran,\N,\N,editor,"tt0230105,tt0189529"
nm8675671,Harry Pitt,\N,\N,"editor,editorial_department","tt0183706,tt0141439"
nm8678235,Karen Hough,\N,\N,actress,tt0184380
nm8684729,Brad Palmer,\N,\N,editor,tt0181465
nm8701151,Romie Hill,\N,\N,writer,tt0181916
nm8701558,Fu-Yan Chang,\N,\N,actress,tt0186027
nm8707492,Annie Colette,\N,\N,actress,"tt14793268,tt6977714,tt4536190,tt6797774"
nm8708561,Kitty Karl,\N,\N,writer,tt0192764
nm8708596,Edward Earl Johnson,\N,1987,,"tt0388574,tt0188626"
nm8709009,Purushan Alappuzha,\N,\N,"writer,producer","tt0317741,tt0353183,tt0353938,tt0325996"
nm8709010,Alappuzha Karthikeyan,\N,\N,writer,"tt0317410,tt0271956,tt0282666,tt0343353"
nm8751342,H. Darol,\N,\N,writer,tt0183228
nm8775849,Ming-Gai Au,\N,\N,producer,tt0193289
nm8805370,Ernestina Paredes,\N,\N,actress,"tt0181559,tt0188406,tt0230986,tt0181859"
nm8810939,Ling Chu,\N,\N,producer,tt0183305
nm8810940,Fong-To Koo,\N,\N,producer,tt0183305
nm8819690,D. Nayveld,\N,\N,editor,"tt3143868,tt0193599,tt0049137,tt5598502"
nm8820872,Mariano Latorre,\N,\N,writer,tt0192555
nm8821002,Sussy Veccky,\N,\N,actress,tt0185208
nm8850294,Casey Nova,\N,\N,actor,tt0182193
nm8850296,Lisa Nuygen,\N,\N,actress,tt0182193
nm8853006,Nicole Gérard,\N,\N,producer,tt0179369
nm8870257,Tong Yang,\N,\N,actor,"tt0184464,tt6684978"
nm8888217,V.M. Hartman,\N,\N,actor,tt0190195
nm8906974,Barthalomew X.,\N,\N,editor,tt0185889
nm8924638,A.C. Tirulokchandar,\N,\N,"director,writer","tt0187585,tt23320556,tt6113366,tt9024612"
nm8924790,Daniel Hanttula,\N,\N,actor,"tt0250931,tt0094510,tt5265492,tt0240295"
nm8933927,Enzo Ramírez,\N,\N,,tt0180043
nm8933928,Verónica Segovia,\N,\N,,tt0180043
nm8939462,Eurico Gaspar Dutra,\N,\N,,tt6807474
nm8952861,Tamara Bernásková,\N,\N,actress,"tt0098121,tt0182884"
nm8962889,Ingrid Kleschpis,\N,\N,actress,"tt28240292,tt0122895,tt15698530,tt0180028"
nm8964289,Akemi Kogawa,\N,\N,actress,tt0185812
nm8968876,Yitzchak Ben-ner,\N,\N,writer,"tt0070980,tt0179104"
nm8990324,Shi Jing,\N,\N,writer,tt0192272
nm9000557,Nelson Hall,\N,\N,,tt0192101
nm9005890,Si-Chai Ko,\N,\N,"director,assistant_director","tt0182920,tt0100779"
nm9007744,Manon Bernard,\N,\N,actor,tt0188358
nm9010250,Akihisa Okihisa,\N,\N,writer,tt0186676
nm9010251,Sadayuki Okuyama,\N,\N,writer,tt0186676
nm9020929,John Wheatley,\N,\N,,"tt0190173,tt0233036,tt0796171"
nm9063511,Spencer Nelson,\N,\N,composer,tt0193073
nm9065803,Luigi Romanelli,\N,\N,composer,tt0186536
nm9065804,Gigi Oliviero,\N,\N,"director,cinematographer","tt12810146,tt8161810,tt0186536"
nm9069113,Mark Fleisher,\N,\N,actor,tt0179597
nm9069114,Jim Herbie,\N,\N,actor,tt0179597
nm9074315,Cesar Silva,\N,\N,cinematographer,tt0179211
nm9098333,Elaine DeSantis,\N,\N,,\N
nm9098714,Tiruppur Mani,\N,\N,"producer,actor","tt10158552,tt0319338,tt10189646,tt0279384"
nm9101573,Roger Lanfranchi,\N,\N,,tt0189331
nm9101574,Alain Passet,\N,\N,,tt0189331
nm9103835,Fletcher,\N,\N,,tt0184419
nm9103836,John Lewis,\N,\N,,tt0184419
nm9103837,James Robinson Cairns,\N,\N,,tt0184419
nm9103838,Mrs. McEwan,\N,\N,,tt0184419
nm9103839,Johnston,\N,\N,,tt0184419
nm9103840,Mrs. Swatheridge,\N,\N,,tt0184419
nm9104175,Ulrike Recknagel,\N,\N,actress,"tt0920505,tt0186811"
nm9111885,J.W. Gotzen,\N,\N,"cinematographer,camera_department",tt0189778
nm9122285,Dimitra Kasma,\N,\N,actress,tt0189455
nm9132963,Harold Lee Chaney,\N,\N,writer,tt0181123
nm9143114,Wai Ko,\N,\N,cinematographer,"tt0185671,tt4766270"
nm9169559,Taylor Graham,\N,\N,editor,tt0268889
nm9187346,Brent Mosley,\N,\N,"writer,location_management","tt0187131,tt7207362"
nm9203098,Antonio Ricupero,\N,\N,production_designer,tt0189989
nm9214388,Simon Pilton,\N,\N,composer,tt0189449
nm9214550,Gary Morrow,\N,\N,cinematographer,tt0187992
nm9214551,Johnny Tsang,\N,\N,"composer,music_department","tt7951960,tt0187992,tt0298066,tt5816202"
nm9214554,Bob West,\N,\N,writer,tt0187992
nm9217758,Slavko Klikovac,\N,\N,actor,"tt7279250,tt0189053"
nm9222439,P.M. Jain,\N,\N,producer,tt0187338
nm9239279,Manuel Girakios,\N,\N,actor,tt0181039
nm9244825,Tadashi Nakamura,\N,\N,actor,"tt11448112,tt0186105"
nm9251708,Bojan Meserko,\N,\N,writer,tt0182990
nm9260403,Kelly Grief,\N,\N,editor,tt0188688
nm9261564,Bonnie Zacherle,1946,\N,"writer,miscellaneous","tt1751105,tt10101702,tt0091584,tt0184761"
nm9264448,Sonny Vest,\N,\N,producer,tt0185322
nm9269025,Chi-Man Lee,\N,\N,actor,"tt0189954,tt0184621"
nm9269069,Wai-Yuen Cheung,\N,\N,actor,tt0184621
nm9289524,De Laine Young,\N,\N,actress,"tt0187543,tt0195075"
nm9298746,Rosic Andrej,\N,\N,actor,tt0192509
nm9325286,Alain,\N,\N,,"tt11321480,tt0190970"
nm9325287,Denis,\N,\N,,tt0190970
nm9325288,Mourad dit La Révolte,\N,\N,,tt0190970
nm9325291,Yanne La Défonce,\N,\N,,tt0190970
nm9354966,Eric Gilbert,\N,\N,"producer,actor","tt0386813,tt14679942,tt0463399,tt7885006"
nm9359932,Greg Smith,\N,\N,actor,"tt0441825,tt7456804,tt0190703"
nm9363021,Fred Carraway,\N,\N,actor,tt0180644
nm9392073,Nin-Wah Chow,\N,\N,actor,"tt0192215,tt0193349,tt0191894"
nm9392105,Sylvia Barretto,\N,\N,writer,tt0186265
nm9397840,Janet Milne,\N,\N,actress,"tt0191719,tt7601320"
nm9437494,Fernando do Val,\N,\N,actor,"tt1111953,tt0180330,tt0180636"
nm9449351,Kenneth Rea,\N,\N,actor,"tt0191719,tt7510754"
nm9453749,John Goddard,\N,\N,,"tt0179272,tt1680031"
nm9453750,Shelley Goddard,\N,\N,,tt0179272
nm9471862,Antonich,\N,\N,actor,tt0189893
nm9471863,Blondet,\N,\N,actor,tt0189893
nm9471865,Séverin Cafferra,\N,\N,actor,tt0189893
nm9475166,Camilla,\N,\N,actress,tt0191830
nm9475167,Daniel Ventura,\N,\N,actor,"tt0191830,tt3482068"
nm9485495,David Sassini,\N,\N,actor,"tt0182258,tt1982185"
nm9486292,Conventum,\N,\N,composer,"tt0181561,tt7748124"
nm9486772,King Ban,\N,\N,actor,tt0186117
nm9488522,Stephen B. Cohen,\N,\N,producer,tt0184941
nm9493083,Romano Marca,\N,\N,cinematographer,tt0186349
nm9493300,Ching-Ching Ho,\N,\N,actress,"tt8349906,tt0184841,tt0307681"
nm9516199,Enrico Santini,\N,\N,producer,"tt0245249,tt0182284"
nm9519492,Lou Brutus,1962,\N,,"tt3587706,tt0181173,tt0364782"
nm9524732,Jacob T. Calderon,1997,\N,"director,art_director,manager","tt2315540,tt7817406,tt0187736"
nm9543875,Hua Chu,\N,\N,"costume_department,actor,editor","tt0193060,tt11190196,tt7853240,tt0350016"
nm9561616,Chen Fen Kei,\N,\N,"composer,music_department","tt0188760,tt13541204"
nm9561617,Leung Don,\N,\N,editor,"tt0188760,tt13541204"
nm9597564,Daniel Skarsgard,\N,\N,"actor,writer",tt0181143
nm9607406,Mark Carlotto,\N,\N,,"tt1643266,tt10098498,tt0188519,tt1229946"
nm9607813,Laerte Ottonelli,\N,\N,actor,tt0184343
nm9607814,Andrea Municchi,\N,\N,actor,tt0184343
nm9607815,Vittorio Penco,\N,\N,actor,tt0184343
nm9614210,Nicolas Pegg,\N,\N,"producer,director,actor","tt8002148,tt7981226,tt7981238"
nm9653165,Yih San Pao,\N,\N,producer,tt0188763
nm9653555,Antoine Fontaine,\N,\N,"production_designer,art_department,costume_designer","tt0110963,tt0374294,tt0250223,tt0422720"
nm9674409,Hong-Kwon Jeong,\N,\N,actor,"tt0081496,tt0165207,tt0187998"
nm9687558,Joseph Coughlan,\N,\N,actor,"tt0179621,tt8119544"
nm9711039,Gérard Pradilles,\N,\N,actor,tt0185299
nm9712330,Chris Addison,\N,\N,actress,tt0192712
nm9714248,Amado De Guzman,\N,\N,"cinematographer,camera_department","tt5104282,tt0376826,tt0378179,tt0466933"
nm9718055,Jessica Adams,\N,\N,actress,tt0189058
nm9718056,Rachel Grimstead,\N,\N,actress,tt0189058
nm9718057,Clive Mitchell,\N,\N,actor,tt0189058
nm9735733,Klimentiy Dominchev,1907,1993,composer,"tt5045768,tt0184049,tt14284150"
nm9752225,Anna Menzel,\N,\N,actress,"tt23458154,tt23458140,tt0189307"
nm9766158,Tarik Canpolat,\N,\N,actor,"tt8266682,tt0183801"
nm9786464,Kaya Olgar,1964,2021,actor,"tt0261609,tt0845088,tt0888131,tt0183510"
nm9805598,Mondo,\N,\N,,tt0189860
nm9833347,Gang Hu Shao,\N,\N,actor,tt0185384
nm9834146,Gueed Mohamed,\N,\N,actor,tt0185384
nm9842280,Tim Taylor,\N,\N,actor,tt0190045
nm9853188,Raja Babu,\N,\N,editor,tt0187419
nm9877480,Emanuel Jean,\N,\N,actor,tt0193613
nm9884529,Jeanne Ryan,\N,\N,actress,"tt0117994,tt0138987,tt0098844,tt0118313"
nm9898387,Annapurna,\N,\N,actress,"tt9308190,tt6185674,tt4217392,tt7639372"
nm9904618,Nathan Le Blanc,\N,\N,actor,"tt8551054,tt0186390,tt0166016,tt3060566"
nm9906614,Tzu-Wei Yang,\N,\N,"writer,miscellaneous,actor","tt1392270,tt0187032,tt4686054,tt8829494"
nm9906705,Joseph Vitagliano,\N,\N,actor,tt0185976
nm9907767,Abhayadev,1913,2000,"music_department,writer","tt0267752,tt0253958,tt0254752,tt0186849"
nm9910890,Sek-Hong Chan,\N,\N,"writer,producer","tt0256087,tt0181582"
nm9914836,Rusty,\N,\N,actor,tt0191735
nm9916626,M. Galkina,\N,\N,"art_department,production_designer","tt0191375,tt0313962"
nm9934281,Miljko Zivojinovic,\N,\N,"miscellaneous,producer,location_management","tt0419347,tt0108922,tt0085637,tt0192346"
nm9937262,Richard Lawrence,\N,\N,composer,tt0179389
nm9980971,V. Rajagopal,\N,\N,editor,"tt0186821,tt0274792,tt1482236,tt2373548"
nm9993434,Richard Blackmarr,1929,2013,,tt0189339
